id,familia,tema,split,texto,n_palabras
memoria-00-00,memoria-00,memoria,train,"Ana encontró una carta en la plaza. La letra era suya, pero la fecha pertenecía al día siguiente. Esperó hasta medianoche para abrirla. Dentro solo había una petición: no contestes. Por primera vez, dejó una carta sin respuesta.",38
memoria-00-01,memoria-00,memoria,train,"Luis encontró una carta en la plaza. La letra era suya, pero la fecha pertenecía al día siguiente. Esperó hasta mediodía para abrirla. Dentro solo había una petición: no contestes. Por primera vez, dejó una carta sin respuesta.",38
memoria-00-02,memoria-00,memoria,train,"Luz encontró una carta en la plaza. La letra era suya, pero la fecha pertenecía al día siguiente. Esperó hasta las seis para abrirla. Dentro solo había una petición: no contestes. Por primera vez, dejó una carta sin respuesta.",39
memoria-00-03,memoria-00,memoria,train,"Daniel encontró una carta en la plaza. La letra era suya, pero la fecha pertenecía al día siguiente. Esperó hasta las diez para abrirla. Dentro solo había una petición: no contestes. Por primera vez, dejó una carta sin respuesta.",39
memoria-00-04,memoria-00,memoria,train,"Sara encontró una carta en el parque. La letra era suya, pero la fecha pertenecía al día siguiente. Esperó hasta medianoche para abrirla. Dentro solo había una petición: no contestes. Por primera vez, dejó una carta sin respuesta.",38
memoria-00-05,memoria-00,memoria,train,"Tomás encontró una carta en el parque. La letra era suya, pero la fecha pertenecía al día siguiente. Esperó hasta mediodía para abrirla. Dentro solo había una petición: no contestes. Por primera vez, dejó una carta sin respuesta.",38
memoria-00-06,memoria-00,memoria,train,"Elena encontró una carta en el parque. La letra era suya, pero la fecha pertenecía al día siguiente. Esperó hasta las seis para abrirla. Dentro solo había una petición: no contestes. Por primera vez, dejó una carta sin respuesta.",39
memoria-00-07,memoria-00,memoria,train,"Simón encontró una carta en el parque. La letra era suya, pero la fecha pertenecía al día siguiente. Esperó hasta las diez para abrirla. Dentro solo había una petición: no contestes. Por primera vez, dejó una carta sin respuesta.",39
memoria-00-08,memoria-00,memoria,train,"Ana encontró una carta en el pueblo. La letra era suya, pero la fecha pertenecía al día siguiente. Esperó hasta medianoche para abrirla. Dentro solo había una petición: no contestes. Por primera vez, dejó una carta sin respuesta.",38
memoria-00-09,memoria-00,memoria,train,"Luis encontró una carta en el pueblo. La letra era suya, pero la fecha pertenecía al día siguiente. Esperó hasta mediodía para abrirla. Dentro solo había una petición: no contestes. Por primera vez, dejó una carta sin respuesta.",38
memoria-00-10,memoria-00,memoria,train,"Luz encontró una carta en el pueblo. La letra era suya, pero la fecha pertenecía al día siguiente. Esperó hasta las seis para abrirla. Dentro solo había una petición: no contestes. Por primera vez, dejó una carta sin respuesta.",39
memoria-00-11,memoria-00,memoria,train,"Daniel encontró una carta en el pueblo. La letra era suya, pero la fecha pertenecía al día siguiente. Esperó hasta las diez para abrirla. Dentro solo había una petición: no contestes. Por primera vez, dejó una carta sin respuesta.",39
memoria-00-12,memoria-00,memoria,train,"Sara encontró una carta en la estación. La letra era suya, pero la fecha pertenecía al día siguiente. Esperó hasta medianoche para abrirla. Dentro solo había una petición: no contestes. Por primera vez, dejó una carta sin respuesta.",38
memoria-00-13,memoria-00,memoria,train,"Tomás encontró una carta en la estación. La letra era suya, pero la fecha pertenecía al día siguiente. Esperó hasta mediodía para abrirla. Dentro solo había una petición: no contestes. Por primera vez, dejó una carta sin respuesta.",38
memoria-00-14,memoria-00,memoria,train,"Elena encontró una carta en la estación. La letra era suya, pero la fecha pertenecía al día siguiente. Esperó hasta las seis para abrirla. Dentro solo había una petición: no contestes. Por primera vez, dejó una carta sin respuesta.",39
memoria-00-15,memoria-00,memoria,train,"Simón encontró una carta en la estación. La letra era suya, pero la fecha pertenecía al día siguiente. Esperó hasta las diez para abrirla. Dentro solo había una petición: no contestes. Por primera vez, dejó una carta sin respuesta.",39
memoria-01-00,memoria-01,memoria,train,"En el parque, Ana vendía recuerdos dentro de pequeños frascos. A mediodía llegó alguien buscando una infancia feliz. Abrió el último frasco y reconoció la voz de su madre. Cerró la tienda antes de conocer el precio.",37
memoria-01-01,memoria-01,memoria,train,"En el parque, Luis vendía recuerdos dentro de pequeños frascos. A las seis llegó alguien buscando una infancia feliz. Abrió el último frasco y reconoció la voz de su madre. Cerró la tienda antes de conocer el precio.",38
memoria-01-02,memoria-01,memoria,train,"En el parque, Luz vendía recuerdos dentro de pequeños frascos. A las diez llegó alguien buscando una infancia feliz. Abrió el último frasco y reconoció la voz de su madre. Cerró la tienda antes de conocer el precio.",38
memoria-01-03,memoria-01,memoria,train,"En el parque, Daniel vendía recuerdos dentro de pequeños frascos. A medianoche llegó alguien buscando una infancia feliz. Abrió el último frasco y reconoció la voz de su madre. Cerró la tienda antes de conocer el precio.",37
memoria-01-04,memoria-01,memoria,train,"En el pueblo, Sara vendía recuerdos dentro de pequeños frascos. A mediodía llegó alguien buscando una infancia feliz. Abrió el último frasco y reconoció la voz de su madre. Cerró la tienda antes de conocer el precio.",37
memoria-01-05,memoria-01,memoria,train,"En el pueblo, Tomás vendía recuerdos dentro de pequeños frascos. A las seis llegó alguien buscando una infancia feliz. Abrió el último frasco y reconoció la voz de su madre. Cerró la tienda antes de conocer el precio.",38
memoria-01-06,memoria-01,memoria,train,"En el pueblo, Elena vendía recuerdos dentro de pequeños frascos. A las diez llegó alguien buscando una infancia feliz. Abrió el último frasco y reconoció la voz de su madre. Cerró la tienda antes de conocer el precio.",38
memoria-01-07,memoria-01,memoria,train,"En el pueblo, Simón vendía recuerdos dentro de pequeños frascos. A medianoche llegó alguien buscando una infancia feliz. Abrió el último frasco y reconoció la voz de su madre. Cerró la tienda antes de conocer el precio.",37
memoria-01-08,memoria-01,memoria,train,"En la estación, Ana vendía recuerdos dentro de pequeños frascos. A mediodía llegó alguien buscando una infancia feliz. Abrió el último frasco y reconoció la voz de su madre. Cerró la tienda antes de conocer el precio.",37
memoria-01-09,memoria-01,memoria,train,"En la estación, Luis vendía recuerdos dentro de pequeños frascos. A las seis llegó alguien buscando una infancia feliz. Abrió el último frasco y reconoció la voz de su madre. Cerró la tienda antes de conocer el precio.",38
memoria-01-10,memoria-01,memoria,train,"En la estación, Luz vendía recuerdos dentro de pequeños frascos. A las diez llegó alguien buscando una infancia feliz. Abrió el último frasco y reconoció la voz de su madre. Cerró la tienda antes de conocer el precio.",38
memoria-01-11,memoria-01,memoria,train,"En la estación, Daniel vendía recuerdos dentro de pequeños frascos. A medianoche llegó alguien buscando una infancia feliz. Abrió el último frasco y reconoció la voz de su madre. Cerró la tienda antes de conocer el precio.",37
memoria-01-12,memoria-01,memoria,train,"En la plaza, Sara vendía recuerdos dentro de pequeños frascos. A mediodía llegó alguien buscando una infancia feliz. Abrió el último frasco y reconoció la voz de su madre. Cerró la tienda antes de conocer el precio.",37
memoria-01-13,memoria-01,memoria,train,"En la plaza, Tomás vendía recuerdos dentro de pequeños frascos. A las seis llegó alguien buscando una infancia feliz. Abrió el último frasco y reconoció la voz de su madre. Cerró la tienda antes de conocer el precio.",38
memoria-01-14,memoria-01,memoria,train,"En la plaza, Elena vendía recuerdos dentro de pequeños frascos. A las diez llegó alguien buscando una infancia feliz. Abrió el último frasco y reconoció la voz de su madre. Cerró la tienda antes de conocer el precio.",38
memoria-01-15,memoria-01,memoria,train,"En la plaza, Simón vendía recuerdos dentro de pequeños frascos. A medianoche llegó alguien buscando una infancia feliz. Abrió el último frasco y reconoció la voz de su madre. Cerró la tienda antes de conocer el precio.",37
memoria-02-00,memoria-02,memoria,val,"Ana reparó el reloj de el pueblo. Desde entonces, a las seis, las personas olvidaban un minuto de su vida. Nadie protestó hasta que faltó el minuto de una despedida. El reloj siguió andando; alguien se quedó esperando para siempre.",40
memoria-02-01,memoria-02,memoria,val,"Luis reparó el reloj de el pueblo. Desde entonces, a las diez, las personas olvidaban un minuto de su vida. Nadie protestó hasta que faltó el minuto de una despedida. El reloj siguió andando; alguien se quedó esperando para siempre.",40
memoria-02-02,memoria-02,memoria,val,"Luz reparó el reloj de el pueblo. Desde entonces, a medianoche, las personas olvidaban un minuto de su vida. Nadie protestó hasta que faltó el minuto de una despedida. El reloj siguió andando; alguien se quedó esperando para siempre.",39
memoria-02-03,memoria-02,memoria,val,"Daniel reparó el reloj de el pueblo. Desde entonces, a mediodía, las personas olvidaban un minuto de su vida. Nadie protestó hasta que faltó el minuto de una despedida. El reloj siguió andando; alguien se quedó esperando para siempre.",39
memoria-02-04,memoria-02,memoria,val,"Sara reparó el reloj de la estación. Desde entonces, a las seis, las personas olvidaban un minuto de su vida. Nadie protestó hasta que faltó el minuto de una despedida. El reloj siguió andando; alguien se quedó esperando para siempre.",40
memoria-02-05,memoria-02,memoria,val,"Tomás reparó el reloj de la estación. Desde entonces, a las diez, las personas olvidaban un minuto de su vida. Nadie protestó hasta que faltó el minuto de una despedida. El reloj siguió andando; alguien se quedó esperando para siempre.",40
memoria-02-06,memoria-02,memoria,val,"Elena reparó el reloj de la estación. Desde entonces, a medianoche, las personas olvidaban un minuto de su vida. Nadie protestó hasta que faltó el minuto de una despedida. El reloj siguió andando; alguien se quedó esperando para siempre.",39
memoria-02-07,memoria-02,memoria,val,"Simón reparó el reloj de la estación. Desde entonces, a mediodía, las personas olvidaban un minuto de su vida. Nadie protestó hasta que faltó el minuto de una despedida. El reloj siguió andando; alguien se quedó esperando para siempre.",39
memoria-02-08,memoria-02,memoria,val,"Ana reparó el reloj de la plaza. Desde entonces, a las seis, las personas olvidaban un minuto de su vida. Nadie protestó hasta que faltó el minuto de una despedida. El reloj siguió andando; alguien se quedó esperando para siempre.",40
memoria-02-09,memoria-02,memoria,val,"Luis reparó el reloj de la plaza. Desde entonces, a las diez, las personas olvidaban un minuto de su vida. Nadie protestó hasta que faltó el minuto de una despedida. El reloj siguió andando; alguien se quedó esperando para siempre.",40
memoria-02-10,memoria-02,memoria,val,"Luz reparó el reloj de la plaza. Desde entonces, a medianoche, las personas olvidaban un minuto de su vida. Nadie protestó hasta que faltó el minuto de una despedida. El reloj siguió andando; alguien se quedó esperando para siempre.",39
memoria-02-11,memoria-02,memoria,val,"Daniel reparó el reloj de la plaza. Desde entonces, a mediodía, las personas olvidaban un minuto de su vida. Nadie protestó hasta que faltó el minuto de una despedida. El reloj siguió andando; alguien se quedó esperando para siempre.",39
memoria-02-12,memoria-02,memoria,val,"Sara reparó el reloj de el parque. Desde entonces, a las seis, las personas olvidaban un minuto de su vida. Nadie protestó hasta que faltó el minuto de una despedida. El reloj siguió andando; alguien se quedó esperando para siempre.",40
memoria-02-13,memoria-02,memoria,val,"Tomás reparó el reloj de el parque. Desde entonces, a las diez, las personas olvidaban un minuto de su vida. Nadie protestó hasta que faltó el minuto de una despedida. El reloj siguió andando; alguien se quedó esperando para siempre.",40
memoria-02-14,memoria-02,memoria,val,"Elena reparó el reloj de el parque. Desde entonces, a medianoche, las personas olvidaban un minuto de su vida. Nadie protestó hasta que faltó el minuto de una despedida. El reloj siguió andando; alguien se quedó esperando para siempre.",39
memoria-02-15,memoria-02,memoria,val,"Simón reparó el reloj de el parque. Desde entonces, a mediodía, las personas olvidaban un minuto de su vida. Nadie protestó hasta que faltó el minuto de una despedida. El reloj siguió andando; alguien se quedó esperando para siempre.",39
memoria-03-00,memoria-03,memoria,test,"Cada vez que Ana regresaba a la estación, una fotografía perdía un rostro. A las diez decidió guardar el álbum en una caja. Al día siguiente, todas las caras habían vuelto. Solo faltaba la persona que había tomado las fotografías.",40
memoria-03-01,memoria-03,memoria,test,"Cada vez que Luis regresaba a la estación, una fotografía perdía un rostro. A medianoche decidió guardar el álbum en una caja. Al día siguiente, todas las caras habían vuelto. Solo faltaba la persona que había tomado las fotografías.",39
memoria-03-02,memoria-03,memoria,test,"Cada vez que Luz regresaba a la estación, una fotografía perdía un rostro. A mediodía decidió guardar el álbum en una caja. Al día siguiente, todas las caras habían vuelto. Solo faltaba la persona que había tomado las fotografías.",39
memoria-03-03,memoria-03,memoria,test,"Cada vez que Daniel regresaba a la estación, una fotografía perdía un rostro. A las seis decidió guardar el álbum en una caja. Al día siguiente, todas las caras habían vuelto. Solo faltaba la persona que había tomado las fotografías.",40
memoria-03-04,memoria-03,memoria,test,"Cada vez que Sara regresaba a la plaza, una fotografía perdía un rostro. A las diez decidió guardar el álbum en una caja. Al día siguiente, todas las caras habían vuelto. Solo faltaba la persona que había tomado las fotografías.",40
memoria-03-05,memoria-03,memoria,test,"Cada vez que Tomás regresaba a la plaza, una fotografía perdía un rostro. A medianoche decidió guardar el álbum en una caja. Al día siguiente, todas las caras habían vuelto. Solo faltaba la persona que había tomado las fotografías.",39
memoria-03-06,memoria-03,memoria,test,"Cada vez que Elena regresaba a la plaza, una fotografía perdía un rostro. A mediodía decidió guardar el álbum en una caja. Al día siguiente, todas las caras habían vuelto. Solo faltaba la persona que había tomado las fotografías.",39
memoria-03-07,memoria-03,memoria,test,"Cada vez que Simón regresaba a la plaza, una fotografía perdía un rostro. A las seis decidió guardar el álbum en una caja. Al día siguiente, todas las caras habían vuelto. Solo faltaba la persona que había tomado las fotografías.",40
memoria-03-08,memoria-03,memoria,test,"Cada vez que Ana regresaba a el parque, una fotografía perdía un rostro. A las diez decidió guardar el álbum en una caja. Al día siguiente, todas las caras habían vuelto. Solo faltaba la persona que había tomado las fotografías.",40
memoria-03-09,memoria-03,memoria,test,"Cada vez que Luis regresaba a el parque, una fotografía perdía un rostro. A medianoche decidió guardar el álbum en una caja. Al día siguiente, todas las caras habían vuelto. Solo faltaba la persona que había tomado las fotografías.",39
memoria-03-10,memoria-03,memoria,test,"Cada vez que Luz regresaba a el parque, una fotografía perdía un rostro. A mediodía decidió guardar el álbum en una caja. Al día siguiente, todas las caras habían vuelto. Solo faltaba la persona que había tomado las fotografías.",39
memoria-03-11,memoria-03,memoria,test,"Cada vez que Daniel regresaba a el parque, una fotografía perdía un rostro. A las seis decidió guardar el álbum en una caja. Al día siguiente, todas las caras habían vuelto. Solo faltaba la persona que había tomado las fotografías.",40
memoria-03-12,memoria-03,memoria,test,"Cada vez que Sara regresaba a el pueblo, una fotografía perdía un rostro. A las diez decidió guardar el álbum en una caja. Al día siguiente, todas las caras habían vuelto. Solo faltaba la persona que había tomado las fotografías.",40
memoria-03-13,memoria-03,memoria,test,"Cada vez que Tomás regresaba a el pueblo, una fotografía perdía un rostro. A medianoche decidió guardar el álbum en una caja. Al día siguiente, todas las caras habían vuelto. Solo faltaba la persona que había tomado las fotografías.",39
memoria-03-14,memoria-03,memoria,test,"Cada vez que Elena regresaba a el pueblo, una fotografía perdía un rostro. A mediodía decidió guardar el álbum en una caja. Al día siguiente, todas las caras habían vuelto. Solo faltaba la persona que había tomado las fotografías.",39
memoria-03-15,memoria-03,memoria,test,"Cada vez que Simón regresaba a el pueblo, una fotografía perdía un rostro. A las seis decidió guardar el álbum en una caja. Al día siguiente, todas las caras habían vuelto. Solo faltaba la persona que había tomado las fotografías.",40
memoria-04-00,memoria-04,memoria,train,"Ana escribió su nombre en la pared de la plaza. A medianoche encontró debajo una fecha que no recordaba. Volvió durante años para borrarla. Cuando por fin pudo leerla, descubrió que era la fecha de su primer regreso.",38
memoria-04-01,memoria-04,memoria,train,"Luis escribió su nombre en la pared de la plaza. A mediodía encontró debajo una fecha que no recordaba. Volvió durante años para borrarla. Cuando por fin pudo leerla, descubrió que era la fecha de su primer regreso.",38
memoria-04-02,memoria-04,memoria,train,"Luz escribió su nombre en la pared de la plaza. A las seis encontró debajo una fecha que no recordaba. Volvió durante años para borrarla. Cuando por fin pudo leerla, descubrió que era la fecha de su primer regreso.",39
memoria-04-03,memoria-04,memoria,train,"Daniel escribió su nombre en la pared de la plaza. A las diez encontró debajo una fecha que no recordaba. Volvió durante años para borrarla. Cuando por fin pudo leerla, descubrió que era la fecha de su primer regreso.",39
memoria-04-04,memoria-04,memoria,train,"Sara escribió su nombre en la pared de el parque. A medianoche encontró debajo una fecha que no recordaba. Volvió durante años para borrarla. Cuando por fin pudo leerla, descubrió que era la fecha de su primer regreso.",38
memoria-04-05,memoria-04,memoria,train,"Tomás escribió su nombre en la pared de el parque. A mediodía encontró debajo una fecha que no recordaba. Volvió durante años para borrarla. Cuando por fin pudo leerla, descubrió que era la fecha de su primer regreso.",38
memoria-04-06,memoria-04,memoria,train,"Elena escribió su nombre en la pared de el parque. A las seis encontró debajo una fecha que no recordaba. Volvió durante años para borrarla. Cuando por fin pudo leerla, descubrió que era la fecha de su primer regreso.",39
memoria-04-07,memoria-04,memoria,train,"Simón escribió su nombre en la pared de el parque. A las diez encontró debajo una fecha que no recordaba. Volvió durante años para borrarla. Cuando por fin pudo leerla, descubrió que era la fecha de su primer regreso.",39
memoria-04-08,memoria-04,memoria,train,"Ana escribió su nombre en la pared de el pueblo. A medianoche encontró debajo una fecha que no recordaba. Volvió durante años para borrarla. Cuando por fin pudo leerla, descubrió que era la fecha de su primer regreso.",38
memoria-04-09,memoria-04,memoria,train,"Luis escribió su nombre en la pared de el pueblo. A mediodía encontró debajo una fecha que no recordaba. Volvió durante años para borrarla. Cuando por fin pudo leerla, descubrió que era la fecha de su primer regreso.",38
memoria-04-10,memoria-04,memoria,train,"Luz escribió su nombre en la pared de el pueblo. A las seis encontró debajo una fecha que no recordaba. Volvió durante años para borrarla. Cuando por fin pudo leerla, descubrió que era la fecha de su primer regreso.",39
memoria-04-11,memoria-04,memoria,train,"Daniel escribió su nombre en la pared de el pueblo. A las diez encontró debajo una fecha que no recordaba. Volvió durante años para borrarla. Cuando por fin pudo leerla, descubrió que era la fecha de su primer regreso.",39
memoria-04-12,memoria-04,memoria,train,"Sara escribió su nombre en la pared de la estación. A medianoche encontró debajo una fecha que no recordaba. Volvió durante años para borrarla. Cuando por fin pudo leerla, descubrió que era la fecha de su primer regreso.",38
memoria-04-13,memoria-04,memoria,train,"Tomás escribió su nombre en la pared de la estación. A mediodía encontró debajo una fecha que no recordaba. Volvió durante años para borrarla. Cuando por fin pudo leerla, descubrió que era la fecha de su primer regreso.",38
memoria-04-14,memoria-04,memoria,train,"Elena escribió su nombre en la pared de la estación. A las seis encontró debajo una fecha que no recordaba. Volvió durante años para borrarla. Cuando por fin pudo leerla, descubrió que era la fecha de su primer regreso.",39
memoria-04-15,memoria-04,memoria,train,"Simón escribió su nombre en la pared de la estación. A las diez encontró debajo una fecha que no recordaba. Volvió durante años para borrarla. Cuando por fin pudo leerla, descubrió que era la fecha de su primer regreso.",39
memoria-05-00,memoria-05,memoria,test,En el parque había una puerta que solo abría con un recuerdo. Ana entregó el de su primer beso a mediodía. Al otro lado encontró a alguien que tampoco lo recordaba. Se saludaron con la alegría de conocerse por primera vez.,41
memoria-05-01,memoria-05,memoria,test,En el parque había una puerta que solo abría con un recuerdo. Luis entregó el de su primer beso a las seis. Al otro lado encontró a alguien que tampoco lo recordaba. Se saludaron con la alegría de conocerse por primera vez.,42
memoria-05-02,memoria-05,memoria,test,En el parque había una puerta que solo abría con un recuerdo. Luz entregó el de su primer beso a las diez. Al otro lado encontró a alguien que tampoco lo recordaba. Se saludaron con la alegría de conocerse por primera vez.,42
memoria-05-03,memoria-05,memoria,test,En el parque había una puerta que solo abría con un recuerdo. Daniel entregó el de su primer beso a medianoche. Al otro lado encontró a alguien que tampoco lo recordaba. Se saludaron con la alegría de conocerse por primera vez.,41
memoria-05-04,memoria-05,memoria,test,En el pueblo había una puerta que solo abría con un recuerdo. Sara entregó el de su primer beso a mediodía. Al otro lado encontró a alguien que tampoco lo recordaba. Se saludaron con la alegría de conocerse por primera vez.,41
memoria-05-05,memoria-05,memoria,test,En el pueblo había una puerta que solo abría con un recuerdo. Tomás entregó el de su primer beso a las seis. Al otro lado encontró a alguien que tampoco lo recordaba. Se saludaron con la alegría de conocerse por primera vez.,42
memoria-05-06,memoria-05,memoria,test,En el pueblo había una puerta que solo abría con un recuerdo. Elena entregó el de su primer beso a las diez. Al otro lado encontró a alguien que tampoco lo recordaba. Se saludaron con la alegría de conocerse por primera vez.,42
memoria-05-07,memoria-05,memoria,test,En el pueblo había una puerta que solo abría con un recuerdo. Simón entregó el de su primer beso a medianoche. Al otro lado encontró a alguien que tampoco lo recordaba. Se saludaron con la alegría de conocerse por primera vez.,41
memoria-05-08,memoria-05,memoria,test,En la estación había una puerta que solo abría con un recuerdo. Ana entregó el de su primer beso a mediodía. Al otro lado encontró a alguien que tampoco lo recordaba. Se saludaron con la alegría de conocerse por primera vez.,41
memoria-05-09,memoria-05,memoria,test,En la estación había una puerta que solo abría con un recuerdo. Luis entregó el de su primer beso a las seis. Al otro lado encontró a alguien que tampoco lo recordaba. Se saludaron con la alegría de conocerse por primera vez.,42
memoria-05-10,memoria-05,memoria,test,En la estación había una puerta que solo abría con un recuerdo. Luz entregó el de su primer beso a las diez. Al otro lado encontró a alguien que tampoco lo recordaba. Se saludaron con la alegría de conocerse por primera vez.,42
memoria-05-11,memoria-05,memoria,test,En la estación había una puerta que solo abría con un recuerdo. Daniel entregó el de su primer beso a medianoche. Al otro lado encontró a alguien que tampoco lo recordaba. Se saludaron con la alegría de conocerse por primera vez.,41
memoria-05-12,memoria-05,memoria,test,En la plaza había una puerta que solo abría con un recuerdo. Sara entregó el de su primer beso a mediodía. Al otro lado encontró a alguien que tampoco lo recordaba. Se saludaron con la alegría de conocerse por primera vez.,41
memoria-05-13,memoria-05,memoria,test,En la plaza había una puerta que solo abría con un recuerdo. Tomás entregó el de su primer beso a las seis. Al otro lado encontró a alguien que tampoco lo recordaba. Se saludaron con la alegría de conocerse por primera vez.,42
memoria-05-14,memoria-05,memoria,test,En la plaza había una puerta que solo abría con un recuerdo. Elena entregó el de su primer beso a las diez. Al otro lado encontró a alguien que tampoco lo recordaba. Se saludaron con la alegría de conocerse por primera vez.,42
memoria-05-15,memoria-05,memoria,test,En la plaza había una puerta que solo abría con un recuerdo. Simón entregó el de su primer beso a medianoche. Al otro lado encontró a alguien que tampoco lo recordaba. Se saludaron con la alegría de conocerse por primera vez.,41
memoria-06-00,memoria-06,memoria,train,"Ana escuchó una canción antigua en el pueblo. A las seis, la voz de la radio pronunció su nombre. Buscó la estación durante toda la noche. Al amanecer comprendió que la canción no venía del aparato, sino de una casa que ya no existía.",44
memoria-06-01,memoria-06,memoria,train,"Luis escuchó una canción antigua en el pueblo. A las diez, la voz de la radio pronunció su nombre. Buscó la estación durante toda la noche. Al amanecer comprendió que la canción no venía del aparato, sino de una casa que ya no existía.",44
memoria-06-02,memoria-06,memoria,train,"Luz escuchó una canción antigua en el pueblo. A medianoche, la voz de la radio pronunció su nombre. Buscó la estación durante toda la noche. Al amanecer comprendió que la canción no venía del aparato, sino de una casa que ya no existía.",43
memoria-06-03,memoria-06,memoria,train,"Daniel escuchó una canción antigua en el pueblo. A mediodía, la voz de la radio pronunció su nombre. Buscó la estación durante toda la noche. Al amanecer comprendió que la canción no venía del aparato, sino de una casa que ya no existía.",43
memoria-06-04,memoria-06,memoria,train,"Sara escuchó una canción antigua en la estación. A las seis, la voz de la radio pronunció su nombre. Buscó la estación durante toda la noche. Al amanecer comprendió que la canción no venía del aparato, sino de una casa que ya no existía.",44
memoria-06-05,memoria-06,memoria,train,"Tomás escuchó una canción antigua en la estación. A las diez, la voz de la radio pronunció su nombre. Buscó la estación durante toda la noche. Al amanecer comprendió que la canción no venía del aparato, sino de una casa que ya no existía.",44
memoria-06-06,memoria-06,memoria,train,"Elena escuchó una canción antigua en la estación. A medianoche, la voz de la radio pronunció su nombre. Buscó la estación durante toda la noche. Al amanecer comprendió que la canción no venía del aparato, sino de una casa que ya no existía.",43
memoria-06-07,memoria-06,memoria,train,"Simón escuchó una canción antigua en la estación. A mediodía, la voz de la radio pronunció su nombre. Buscó la estación durante toda la noche. Al amanecer comprendió que la canción no venía del aparato, sino de una casa que ya no existía.",43
memoria-06-08,memoria-06,memoria,train,"Ana escuchó una canción antigua en la plaza. A las seis, la voz de la radio pronunció su nombre. Buscó la estación durante toda la noche. Al amanecer comprendió que la canción no venía del aparato, sino de una casa que ya no existía.",44
memoria-06-09,memoria-06,memoria,train,"Luis escuchó una canción antigua en la plaza. A las diez, la voz de la radio pronunció su nombre. Buscó la estación durante toda la noche. Al amanecer comprendió que la canción no venía del aparato, sino de una casa que ya no existía.",44
memoria-06-10,memoria-06,memoria,train,"Luz escuchó una canción antigua en la plaza. A medianoche, la voz de la radio pronunció su nombre. Buscó la estación durante toda la noche. Al amanecer comprendió que la canción no venía del aparato, sino de una casa que ya no existía.",43
memoria-06-11,memoria-06,memoria,train,"Daniel escuchó una canción antigua en la plaza. A mediodía, la voz de la radio pronunció su nombre. Buscó la estación durante toda la noche. Al amanecer comprendió que la canción no venía del aparato, sino de una casa que ya no existía.",43
memoria-06-12,memoria-06,memoria,train,"Sara escuchó una canción antigua en el parque. A las seis, la voz de la radio pronunció su nombre. Buscó la estación durante toda la noche. Al amanecer comprendió que la canción no venía del aparato, sino de una casa que ya no existía.",44
memoria-06-13,memoria-06,memoria,train,"Tomás escuchó una canción antigua en el parque. A las diez, la voz de la radio pronunció su nombre. Buscó la estación durante toda la noche. Al amanecer comprendió que la canción no venía del aparato, sino de una casa que ya no existía.",44
memoria-06-14,memoria-06,memoria,train,"Elena escuchó una canción antigua en el parque. A medianoche, la voz de la radio pronunció su nombre. Buscó la estación durante toda la noche. Al amanecer comprendió que la canción no venía del aparato, sino de una casa que ya no existía.",43
memoria-06-15,memoria-06,memoria,train,"Simón escuchó una canción antigua en el parque. A mediodía, la voz de la radio pronunció su nombre. Buscó la estación durante toda la noche. Al amanecer comprendió que la canción no venía del aparato, sino de una casa que ya no existía.",43
memoria-07-00,memoria-07,memoria,train,"A las diez, Ana pidió un café en la estación. La taza conservaba el calor de una conversación de hacía veinte años. Bebió despacio para escuchar el final. Esta vez, antes de marcharse, encontró las palabras que entonces le habían faltado.",41
memoria-07-01,memoria-07,memoria,train,"A medianoche, Luis pidió un café en la estación. La taza conservaba el calor de una conversación de hacía veinte años. Bebió despacio para escuchar el final. Esta vez, antes de marcharse, encontró las palabras que entonces le habían faltado.",40
memoria-07-02,memoria-07,memoria,train,"A mediodía, Luz pidió un café en la estación. La taza conservaba el calor de una conversación de hacía veinte años. Bebió despacio para escuchar el final. Esta vez, antes de marcharse, encontró las palabras que entonces le habían faltado.",40
memoria-07-03,memoria-07,memoria,train,"A las seis, Daniel pidió un café en la estación. La taza conservaba el calor de una conversación de hacía veinte años. Bebió despacio para escuchar el final. Esta vez, antes de marcharse, encontró las palabras que entonces le habían faltado.",41
memoria-07-04,memoria-07,memoria,train,"A las diez, Sara pidió un café en la plaza. La taza conservaba el calor de una conversación de hacía veinte años. Bebió despacio para escuchar el final. Esta vez, antes de marcharse, encontró las palabras que entonces le habían faltado.",41
memoria-07-05,memoria-07,memoria,train,"A medianoche, Tomás pidió un café en la plaza. La taza conservaba el calor de una conversación de hacía veinte años. Bebió despacio para escuchar el final. Esta vez, antes de marcharse, encontró las palabras que entonces le habían faltado.",40
memoria-07-06,memoria-07,memoria,train,"A mediodía, Elena pidió un café en la plaza. La taza conservaba el calor de una conversación de hacía veinte años. Bebió despacio para escuchar el final. Esta vez, antes de marcharse, encontró las palabras que entonces le habían faltado.",40
memoria-07-07,memoria-07,memoria,train,"A las seis, Simón pidió un café en la plaza. La taza conservaba el calor de una conversación de hacía veinte años. Bebió despacio para escuchar el final. Esta vez, antes de marcharse, encontró las palabras que entonces le habían faltado.",41
memoria-07-08,memoria-07,memoria,train,"A las diez, Ana pidió un café en el parque. La taza conservaba el calor de una conversación de hacía veinte años. Bebió despacio para escuchar el final. Esta vez, antes de marcharse, encontró las palabras que entonces le habían faltado.",41
memoria-07-09,memoria-07,memoria,train,"A medianoche, Luis pidió un café en el parque. La taza conservaba el calor de una conversación de hacía veinte años. Bebió despacio para escuchar el final. Esta vez, antes de marcharse, encontró las palabras que entonces le habían faltado.",40
memoria-07-10,memoria-07,memoria,train,"A mediodía, Luz pidió un café en el parque. La taza conservaba el calor de una conversación de hacía veinte años. Bebió despacio para escuchar el final. Esta vez, antes de marcharse, encontró las palabras que entonces le habían faltado.",40
memoria-07-11,memoria-07,memoria,train,"A las seis, Daniel pidió un café en el parque. La taza conservaba el calor de una conversación de hacía veinte años. Bebió despacio para escuchar el final. Esta vez, antes de marcharse, encontró las palabras que entonces le habían faltado.",41
memoria-07-12,memoria-07,memoria,train,"A las diez, Sara pidió un café en el pueblo. La taza conservaba el calor de una conversación de hacía veinte años. Bebió despacio para escuchar el final. Esta vez, antes de marcharse, encontró las palabras que entonces le habían faltado.",41
memoria-07-13,memoria-07,memoria,train,"A medianoche, Tomás pidió un café en el pueblo. La taza conservaba el calor de una conversación de hacía veinte años. Bebió despacio para escuchar el final. Esta vez, antes de marcharse, encontró las palabras que entonces le habían faltado.",40
memoria-07-14,memoria-07,memoria,train,"A mediodía, Elena pidió un café en el pueblo. La taza conservaba el calor de una conversación de hacía veinte años. Bebió despacio para escuchar el final. Esta vez, antes de marcharse, encontró las palabras que entonces le habían faltado.",40
memoria-07-15,memoria-07,memoria,train,"A las seis, Simón pidió un café en el pueblo. La taza conservaba el calor de una conversación de hacía veinte años. Bebió despacio para escuchar el final. Esta vez, antes de marcharse, encontró las palabras que entonces le habían faltado.",41
memoria-08-00,memoria-08,memoria,train,"Ana guardaba los silencios de su familia en la plaza. A medianoche, uno de ellos comenzó a contar una historia. Los demás escucharon sin interrumpir. Al terminar, la casa pareció más pequeña, pero por primera vez hubo espacio para todos.",40
memoria-08-01,memoria-08,memoria,train,"Luis guardaba los silencios de su familia en la plaza. A mediodía, uno de ellos comenzó a contar una historia. Los demás escucharon sin interrumpir. Al terminar, la casa pareció más pequeña, pero por primera vez hubo espacio para todos.",40
memoria-08-02,memoria-08,memoria,train,"Luz guardaba los silencios de su familia en la plaza. A las seis, uno de ellos comenzó a contar una historia. Los demás escucharon sin interrumpir. Al terminar, la casa pareció más pequeña, pero por primera vez hubo espacio para todos.",41
memoria-08-03,memoria-08,memoria,train,"Daniel guardaba los silencios de su familia en la plaza. A las diez, uno de ellos comenzó a contar una historia. Los demás escucharon sin interrumpir. Al terminar, la casa pareció más pequeña, pero por primera vez hubo espacio para todos.",41
memoria-08-04,memoria-08,memoria,train,"Sara guardaba los silencios de su familia en el parque. A medianoche, uno de ellos comenzó a contar una historia. Los demás escucharon sin interrumpir. Al terminar, la casa pareció más pequeña, pero por primera vez hubo espacio para todos.",40
memoria-08-05,memoria-08,memoria,train,"Tomás guardaba los silencios de su familia en el parque. A mediodía, uno de ellos comenzó a contar una historia. Los demás escucharon sin interrumpir. Al terminar, la casa pareció más pequeña, pero por primera vez hubo espacio para todos.",40
memoria-08-06,memoria-08,memoria,train,"Elena guardaba los silencios de su familia en el parque. A las seis, uno de ellos comenzó a contar una historia. Los demás escucharon sin interrumpir. Al terminar, la casa pareció más pequeña, pero por primera vez hubo espacio para todos.",41
memoria-08-07,memoria-08,memoria,train,"Simón guardaba los silencios de su familia en el parque. A las diez, uno de ellos comenzó a contar una historia. Los demás escucharon sin interrumpir. Al terminar, la casa pareció más pequeña, pero por primera vez hubo espacio para todos.",41
memoria-08-08,memoria-08,memoria,train,"Ana guardaba los silencios de su familia en el pueblo. A medianoche, uno de ellos comenzó a contar una historia. Los demás escucharon sin interrumpir. Al terminar, la casa pareció más pequeña, pero por primera vez hubo espacio para todos.",40
memoria-08-09,memoria-08,memoria,train,"Luis guardaba los silencios de su familia en el pueblo. A mediodía, uno de ellos comenzó a contar una historia. Los demás escucharon sin interrumpir. Al terminar, la casa pareció más pequeña, pero por primera vez hubo espacio para todos.",40
memoria-08-10,memoria-08,memoria,train,"Luz guardaba los silencios de su familia en el pueblo. A las seis, uno de ellos comenzó a contar una historia. Los demás escucharon sin interrumpir. Al terminar, la casa pareció más pequeña, pero por primera vez hubo espacio para todos.",41
memoria-08-11,memoria-08,memoria,train,"Daniel guardaba los silencios de su familia en el pueblo. A las diez, uno de ellos comenzó a contar una historia. Los demás escucharon sin interrumpir. Al terminar, la casa pareció más pequeña, pero por primera vez hubo espacio para todos.",41
memoria-08-12,memoria-08,memoria,train,"Sara guardaba los silencios de su familia en la estación. A medianoche, uno de ellos comenzó a contar una historia. Los demás escucharon sin interrumpir. Al terminar, la casa pareció más pequeña, pero por primera vez hubo espacio para todos.",40
memoria-08-13,memoria-08,memoria,train,"Tomás guardaba los silencios de su familia en la estación. A mediodía, uno de ellos comenzó a contar una historia. Los demás escucharon sin interrumpir. Al terminar, la casa pareció más pequeña, pero por primera vez hubo espacio para todos.",40
memoria-08-14,memoria-08,memoria,train,"Elena guardaba los silencios de su familia en la estación. A las seis, uno de ellos comenzó a contar una historia. Los demás escucharon sin interrumpir. Al terminar, la casa pareció más pequeña, pero por primera vez hubo espacio para todos.",41
memoria-08-15,memoria-08,memoria,train,"Simón guardaba los silencios de su familia en la estación. A las diez, uno de ellos comenzó a contar una historia. Los demás escucharon sin interrumpir. Al terminar, la casa pareció más pequeña, pero por primera vez hubo espacio para todos.",41
memoria-09-00,memoria-09,memoria,val,"En el parque, Ana encontró un mapa de los sitios que había olvidado. Caminó hasta mediodía siguiendo una línea azul. El camino terminaba en una silla vacía. Se sentó y esperó, sin saber si alguien tenía que llegar o irse.",40
memoria-09-01,memoria-09,memoria,val,"En el parque, Luis encontró un mapa de los sitios que había olvidado. Caminó hasta las seis siguiendo una línea azul. El camino terminaba en una silla vacía. Se sentó y esperó, sin saber si alguien tenía que llegar o irse.",41
memoria-09-02,memoria-09,memoria,val,"En el parque, Luz encontró un mapa de los sitios que había olvidado. Caminó hasta las diez siguiendo una línea azul. El camino terminaba en una silla vacía. Se sentó y esperó, sin saber si alguien tenía que llegar o irse.",41
memoria-09-03,memoria-09,memoria,val,"En el parque, Daniel encontró un mapa de los sitios que había olvidado. Caminó hasta medianoche siguiendo una línea azul. El camino terminaba en una silla vacía. Se sentó y esperó, sin saber si alguien tenía que llegar o irse.",40
memoria-09-04,memoria-09,memoria,val,"En el pueblo, Sara encontró un mapa de los sitios que había olvidado. Caminó hasta mediodía siguiendo una línea azul. El camino terminaba en una silla vacía. Se sentó y esperó, sin saber si alguien tenía que llegar o irse.",40
memoria-09-05,memoria-09,memoria,val,"En el pueblo, Tomás encontró un mapa de los sitios que había olvidado. Caminó hasta las seis siguiendo una línea azul. El camino terminaba en una silla vacía. Se sentó y esperó, sin saber si alguien tenía que llegar o irse.",41
memoria-09-06,memoria-09,memoria,val,"En el pueblo, Elena encontró un mapa de los sitios que había olvidado. Caminó hasta las diez siguiendo una línea azul. El camino terminaba en una silla vacía. Se sentó y esperó, sin saber si alguien tenía que llegar o irse.",41
memoria-09-07,memoria-09,memoria,val,"En el pueblo, Simón encontró un mapa de los sitios que había olvidado. Caminó hasta medianoche siguiendo una línea azul. El camino terminaba en una silla vacía. Se sentó y esperó, sin saber si alguien tenía que llegar o irse.",40
memoria-09-08,memoria-09,memoria,val,"En la estación, Ana encontró un mapa de los sitios que había olvidado. Caminó hasta mediodía siguiendo una línea azul. El camino terminaba en una silla vacía. Se sentó y esperó, sin saber si alguien tenía que llegar o irse.",40
memoria-09-09,memoria-09,memoria,val,"En la estación, Luis encontró un mapa de los sitios que había olvidado. Caminó hasta las seis siguiendo una línea azul. El camino terminaba en una silla vacía. Se sentó y esperó, sin saber si alguien tenía que llegar o irse.",41
memoria-09-10,memoria-09,memoria,val,"En la estación, Luz encontró un mapa de los sitios que había olvidado. Caminó hasta las diez siguiendo una línea azul. El camino terminaba en una silla vacía. Se sentó y esperó, sin saber si alguien tenía que llegar o irse.",41
memoria-09-11,memoria-09,memoria,val,"En la estación, Daniel encontró un mapa de los sitios que había olvidado. Caminó hasta medianoche siguiendo una línea azul. El camino terminaba en una silla vacía. Se sentó y esperó, sin saber si alguien tenía que llegar o irse.",40
memoria-09-12,memoria-09,memoria,val,"En la plaza, Sara encontró un mapa de los sitios que había olvidado. Caminó hasta mediodía siguiendo una línea azul. El camino terminaba en una silla vacía. Se sentó y esperó, sin saber si alguien tenía que llegar o irse.",40
memoria-09-13,memoria-09,memoria,val,"En la plaza, Tomás encontró un mapa de los sitios que había olvidado. Caminó hasta las seis siguiendo una línea azul. El camino terminaba en una silla vacía. Se sentó y esperó, sin saber si alguien tenía que llegar o irse.",41
memoria-09-14,memoria-09,memoria,val,"En la plaza, Elena encontró un mapa de los sitios que había olvidado. Caminó hasta las diez siguiendo una línea azul. El camino terminaba en una silla vacía. Se sentó y esperó, sin saber si alguien tenía que llegar o irse.",41
memoria-09-15,memoria-09,memoria,val,"En la plaza, Simón encontró un mapa de los sitios que había olvidado. Caminó hasta medianoche siguiendo una línea azul. El camino terminaba en una silla vacía. Se sentó y esperó, sin saber si alguien tenía que llegar o irse.",40
memoria-10-00,memoria-10,memoria,train,"Ana recibió una caja vacía en el pueblo. La abrió a las seis y sintió el olor de un verano remoto. Quiso compartirlo, pero nadie percibió nada. Comprendió entonces por qué su abuelo había guardado tantas cajas sin una sola etiqueta.",41
memoria-10-01,memoria-10,memoria,train,"Luis recibió una caja vacía en el pueblo. La abrió a las diez y sintió el olor de un verano remoto. Quiso compartirlo, pero nadie percibió nada. Comprendió entonces por qué su abuelo había guardado tantas cajas sin una sola etiqueta.",41
memoria-10-02,memoria-10,memoria,train,"Luz recibió una caja vacía en el pueblo. La abrió a medianoche y sintió el olor de un verano remoto. Quiso compartirlo, pero nadie percibió nada. Comprendió entonces por qué su abuelo había guardado tantas cajas sin una sola etiqueta.",40
memoria-10-03,memoria-10,memoria,train,"Daniel recibió una caja vacía en el pueblo. La abrió a mediodía y sintió el olor de un verano remoto. Quiso compartirlo, pero nadie percibió nada. Comprendió entonces por qué su abuelo había guardado tantas cajas sin una sola etiqueta.",40
memoria-10-04,memoria-10,memoria,train,"Sara recibió una caja vacía en la estación. La abrió a las seis y sintió el olor de un verano remoto. Quiso compartirlo, pero nadie percibió nada. Comprendió entonces por qué su abuelo había guardado tantas cajas sin una sola etiqueta.",41
memoria-10-05,memoria-10,memoria,train,"Tomás recibió una caja vacía en la estación. La abrió a las diez y sintió el olor de un verano remoto. Quiso compartirlo, pero nadie percibió nada. Comprendió entonces por qué su abuelo había guardado tantas cajas sin una sola etiqueta.",41
memoria-10-06,memoria-10,memoria,train,"Elena recibió una caja vacía en la estación. La abrió a medianoche y sintió el olor de un verano remoto. Quiso compartirlo, pero nadie percibió nada. Comprendió entonces por qué su abuelo había guardado tantas cajas sin una sola etiqueta.",40
memoria-10-07,memoria-10,memoria,train,"Simón recibió una caja vacía en la estación. La abrió a mediodía y sintió el olor de un verano remoto. Quiso compartirlo, pero nadie percibió nada. Comprendió entonces por qué su abuelo había guardado tantas cajas sin una sola etiqueta.",40
memoria-10-08,memoria-10,memoria,train,"Ana recibió una caja vacía en la plaza. La abrió a las seis y sintió el olor de un verano remoto. Quiso compartirlo, pero nadie percibió nada. Comprendió entonces por qué su abuelo había guardado tantas cajas sin una sola etiqueta.",41
memoria-10-09,memoria-10,memoria,train,"Luis recibió una caja vacía en la plaza. La abrió a las diez y sintió el olor de un verano remoto. Quiso compartirlo, pero nadie percibió nada. Comprendió entonces por qué su abuelo había guardado tantas cajas sin una sola etiqueta.",41
memoria-10-10,memoria-10,memoria,train,"Luz recibió una caja vacía en la plaza. La abrió a medianoche y sintió el olor de un verano remoto. Quiso compartirlo, pero nadie percibió nada. Comprendió entonces por qué su abuelo había guardado tantas cajas sin una sola etiqueta.",40
memoria-10-11,memoria-10,memoria,train,"Daniel recibió una caja vacía en la plaza. La abrió a mediodía y sintió el olor de un verano remoto. Quiso compartirlo, pero nadie percibió nada. Comprendió entonces por qué su abuelo había guardado tantas cajas sin una sola etiqueta.",40
memoria-10-12,memoria-10,memoria,train,"Sara recibió una caja vacía en el parque. La abrió a las seis y sintió el olor de un verano remoto. Quiso compartirlo, pero nadie percibió nada. Comprendió entonces por qué su abuelo había guardado tantas cajas sin una sola etiqueta.",41
memoria-10-13,memoria-10,memoria,train,"Tomás recibió una caja vacía en el parque. La abrió a las diez y sintió el olor de un verano remoto. Quiso compartirlo, pero nadie percibió nada. Comprendió entonces por qué su abuelo había guardado tantas cajas sin una sola etiqueta.",41
memoria-10-14,memoria-10,memoria,train,"Elena recibió una caja vacía en el parque. La abrió a medianoche y sintió el olor de un verano remoto. Quiso compartirlo, pero nadie percibió nada. Comprendió entonces por qué su abuelo había guardado tantas cajas sin una sola etiqueta.",40
memoria-10-15,memoria-10,memoria,train,"Simón recibió una caja vacía en el parque. La abrió a mediodía y sintió el olor de un verano remoto. Quiso compartirlo, pero nadie percibió nada. Comprendió entonces por qué su abuelo había guardado tantas cajas sin una sola etiqueta.",40
memoria-11-00,memoria-11,memoria,train,"A las diez, Ana encontró sus zapatos de infancia en la estación. Eran demasiado pequeños para volver a usarlos. Sin embargo, al ponerlos junto a la puerta, escuchó los pasos de alguien que todavía creía que el mundo terminaba en esa calle.",42
memoria-11-01,memoria-11,memoria,train,"A medianoche, Luis encontró sus zapatos de infancia en la estación. Eran demasiado pequeños para volver a usarlos. Sin embargo, al ponerlos junto a la puerta, escuchó los pasos de alguien que todavía creía que el mundo terminaba en esa calle.",41
memoria-11-02,memoria-11,memoria,train,"A mediodía, Luz encontró sus zapatos de infancia en la estación. Eran demasiado pequeños para volver a usarlos. Sin embargo, al ponerlos junto a la puerta, escuchó los pasos de alguien que todavía creía que el mundo terminaba en esa calle.",41
memoria-11-03,memoria-11,memoria,train,"A las seis, Daniel encontró sus zapatos de infancia en la estación. Eran demasiado pequeños para volver a usarlos. Sin embargo, al ponerlos junto a la puerta, escuchó los pasos de alguien que todavía creía que el mundo terminaba en esa calle.",42
memoria-11-04,memoria-11,memoria,train,"A las diez, Sara encontró sus zapatos de infancia en la plaza. Eran demasiado pequeños para volver a usarlos. Sin embargo, al ponerlos junto a la puerta, escuchó los pasos de alguien que todavía creía que el mundo terminaba en esa calle.",42
memoria-11-05,memoria-11,memoria,train,"A medianoche, Tomás encontró sus zapatos de infancia en la plaza. Eran demasiado pequeños para volver a usarlos. Sin embargo, al ponerlos junto a la puerta, escuchó los pasos de alguien que todavía creía que el mundo terminaba en esa calle.",41
memoria-11-06,memoria-11,memoria,train,"A mediodía, Elena encontró sus zapatos de infancia en la plaza. Eran demasiado pequeños para volver a usarlos. Sin embargo, al ponerlos junto a la puerta, escuchó los pasos de alguien que todavía creía que el mundo terminaba en esa calle.",41
memoria-11-07,memoria-11,memoria,train,"A las seis, Simón encontró sus zapatos de infancia en la plaza. Eran demasiado pequeños para volver a usarlos. Sin embargo, al ponerlos junto a la puerta, escuchó los pasos de alguien que todavía creía que el mundo terminaba en esa calle.",42
memoria-11-08,memoria-11,memoria,train,"A las diez, Ana encontró sus zapatos de infancia en el parque. Eran demasiado pequeños para volver a usarlos. Sin embargo, al ponerlos junto a la puerta, escuchó los pasos de alguien que todavía creía que el mundo terminaba en esa calle.",42
memoria-11-09,memoria-11,memoria,train,"A medianoche, Luis encontró sus zapatos de infancia en el parque. Eran demasiado pequeños para volver a usarlos. Sin embargo, al ponerlos junto a la puerta, escuchó los pasos de alguien que todavía creía que el mundo terminaba en esa calle.",41
memoria-11-10,memoria-11,memoria,train,"A mediodía, Luz encontró sus zapatos de infancia en el parque. Eran demasiado pequeños para volver a usarlos. Sin embargo, al ponerlos junto a la puerta, escuchó los pasos de alguien que todavía creía que el mundo terminaba en esa calle.",41
memoria-11-11,memoria-11,memoria,train,"A las seis, Daniel encontró sus zapatos de infancia en el parque. Eran demasiado pequeños para volver a usarlos. Sin embargo, al ponerlos junto a la puerta, escuchó los pasos de alguien que todavía creía que el mundo terminaba en esa calle.",42
memoria-11-12,memoria-11,memoria,train,"A las diez, Sara encontró sus zapatos de infancia en el pueblo. Eran demasiado pequeños para volver a usarlos. Sin embargo, al ponerlos junto a la puerta, escuchó los pasos de alguien que todavía creía que el mundo terminaba en esa calle.",42
memoria-11-13,memoria-11,memoria,train,"A medianoche, Tomás encontró sus zapatos de infancia en el pueblo. Eran demasiado pequeños para volver a usarlos. Sin embargo, al ponerlos junto a la puerta, escuchó los pasos de alguien que todavía creía que el mundo terminaba en esa calle.",41
memoria-11-14,memoria-11,memoria,train,"A mediodía, Elena encontró sus zapatos de infancia en el pueblo. Eran demasiado pequeños para volver a usarlos. Sin embargo, al ponerlos junto a la puerta, escuchó los pasos de alguien que todavía creía que el mundo terminaba en esa calle.",41
memoria-11-15,memoria-11,memoria,train,"A las seis, Simón encontró sus zapatos de infancia en el pueblo. Eran demasiado pequeños para volver a usarlos. Sin embargo, al ponerlos junto a la puerta, escuchó los pasos de alguien que todavía creía que el mundo terminaba en esa calle.",42
ciudad-00-00,ciudad-00,ciudad,train,"Ana esperaba el último bus en la plaza. A medianoche llegó uno sin conductor y con todos los asientos ocupados por sombras. Subió porque reconoció la suya junto a la ventana. Durante el viaje, por primera vez, pudo descansar de seguirse.",41
ciudad-00-01,ciudad-00,ciudad,train,"Luis esperaba el último bus en la plaza. A mediodía llegó uno sin conductor y con todos los asientos ocupados por sombras. Subió porque reconoció la suya junto a la ventana. Durante el viaje, por primera vez, pudo descansar de seguirse.",41
ciudad-00-02,ciudad-00,ciudad,train,"Luz esperaba el último bus en la plaza. A las seis llegó uno sin conductor y con todos los asientos ocupados por sombras. Subió porque reconoció la suya junto a la ventana. Durante el viaje, por primera vez, pudo descansar de seguirse.",42
ciudad-00-03,ciudad-00,ciudad,train,"Daniel esperaba el último bus en la plaza. A las diez llegó uno sin conductor y con todos los asientos ocupados por sombras. Subió porque reconoció la suya junto a la ventana. Durante el viaje, por primera vez, pudo descansar de seguirse.",42
ciudad-00-04,ciudad-00,ciudad,train,"Sara esperaba el último bus en el parque. A medianoche llegó uno sin conductor y con todos los asientos ocupados por sombras. Subió porque reconoció la suya junto a la ventana. Durante el viaje, por primera vez, pudo descansar de seguirse.",41
ciudad-00-05,ciudad-00,ciudad,train,"Tomás esperaba el último bus en el parque. A mediodía llegó uno sin conductor y con todos los asientos ocupados por sombras. Subió porque reconoció la suya junto a la ventana. Durante el viaje, por primera vez, pudo descansar de seguirse.",41
ciudad-00-06,ciudad-00,ciudad,train,"Elena esperaba el último bus en el parque. A las seis llegó uno sin conductor y con todos los asientos ocupados por sombras. Subió porque reconoció la suya junto a la ventana. Durante el viaje, por primera vez, pudo descansar de seguirse.",42
ciudad-00-07,ciudad-00,ciudad,train,"Simón esperaba el último bus en el parque. A las diez llegó uno sin conductor y con todos los asientos ocupados por sombras. Subió porque reconoció la suya junto a la ventana. Durante el viaje, por primera vez, pudo descansar de seguirse.",42
ciudad-00-08,ciudad-00,ciudad,train,"Ana esperaba el último bus en el pueblo. A medianoche llegó uno sin conductor y con todos los asientos ocupados por sombras. Subió porque reconoció la suya junto a la ventana. Durante el viaje, por primera vez, pudo descansar de seguirse.",41
ciudad-00-09,ciudad-00,ciudad,train,"Luis esperaba el último bus en el pueblo. A mediodía llegó uno sin conductor y con todos los asientos ocupados por sombras. Subió porque reconoció la suya junto a la ventana. Durante el viaje, por primera vez, pudo descansar de seguirse.",41
ciudad-00-10,ciudad-00,ciudad,train,"Luz esperaba el último bus en el pueblo. A las seis llegó uno sin conductor y con todos los asientos ocupados por sombras. Subió porque reconoció la suya junto a la ventana. Durante el viaje, por primera vez, pudo descansar de seguirse.",42
ciudad-00-11,ciudad-00,ciudad,train,"Daniel esperaba el último bus en el pueblo. A las diez llegó uno sin conductor y con todos los asientos ocupados por sombras. Subió porque reconoció la suya junto a la ventana. Durante el viaje, por primera vez, pudo descansar de seguirse.",42
ciudad-00-12,ciudad-00,ciudad,train,"Sara esperaba el último bus en la estación. A medianoche llegó uno sin conductor y con todos los asientos ocupados por sombras. Subió porque reconoció la suya junto a la ventana. Durante el viaje, por primera vez, pudo descansar de seguirse.",41
ciudad-00-13,ciudad-00,ciudad,train,"Tomás esperaba el último bus en la estación. A mediodía llegó uno sin conductor y con todos los asientos ocupados por sombras. Subió porque reconoció la suya junto a la ventana. Durante el viaje, por primera vez, pudo descansar de seguirse.",41
ciudad-00-14,ciudad-00,ciudad,train,"Elena esperaba el último bus en la estación. A las seis llegó uno sin conductor y con todos los asientos ocupados por sombras. Subió porque reconoció la suya junto a la ventana. Durante el viaje, por primera vez, pudo descansar de seguirse.",42
ciudad-00-15,ciudad-00,ciudad,train,"Simón esperaba el último bus en la estación. A las diez llegó uno sin conductor y con todos los asientos ocupados por sombras. Subió porque reconoció la suya junto a la ventana. Durante el viaje, por primera vez, pudo descansar de seguirse.",42
ciudad-01-00,ciudad-01,ciudad,test,"En el parque, Ana pintó una ventana sobre un muro. A mediodía alguien encendió una luz al otro lado. Los vecinos comenzaron a saludar cada mañana. Cuando demolieron la pared, encontraron una habitación que nadie había construido.",37
ciudad-01-01,ciudad-01,ciudad,test,"En el parque, Luis pintó una ventana sobre un muro. A las seis alguien encendió una luz al otro lado. Los vecinos comenzaron a saludar cada mañana. Cuando demolieron la pared, encontraron una habitación que nadie había construido.",38
ciudad-01-02,ciudad-01,ciudad,test,"En el parque, Luz pintó una ventana sobre un muro. A las diez alguien encendió una luz al otro lado. Los vecinos comenzaron a saludar cada mañana. Cuando demolieron la pared, encontraron una habitación que nadie había construido.",38
ciudad-01-03,ciudad-01,ciudad,test,"En el parque, Daniel pintó una ventana sobre un muro. A medianoche alguien encendió una luz al otro lado. Los vecinos comenzaron a saludar cada mañana. Cuando demolieron la pared, encontraron una habitación que nadie había construido.",37
ciudad-01-04,ciudad-01,ciudad,test,"En el pueblo, Sara pintó una ventana sobre un muro. A mediodía alguien encendió una luz al otro lado. Los vecinos comenzaron a saludar cada mañana. Cuando demolieron la pared, encontraron una habitación que nadie había construido.",37
ciudad-01-05,ciudad-01,ciudad,test,"En el pueblo, Tomás pintó una ventana sobre un muro. A las seis alguien encendió una luz al otro lado. Los vecinos comenzaron a saludar cada mañana. Cuando demolieron la pared, encontraron una habitación que nadie había construido.",38
ciudad-01-06,ciudad-01,ciudad,test,"En el pueblo, Elena pintó una ventana sobre un muro. A las diez alguien encendió una luz al otro lado. Los vecinos comenzaron a saludar cada mañana. Cuando demolieron la pared, encontraron una habitación que nadie había construido.",38
ciudad-01-07,ciudad-01,ciudad,test,"En el pueblo, Simón pintó una ventana sobre un muro. A medianoche alguien encendió una luz al otro lado. Los vecinos comenzaron a saludar cada mañana. Cuando demolieron la pared, encontraron una habitación que nadie había construido.",37
ciudad-01-08,ciudad-01,ciudad,test,"En la estación, Ana pintó una ventana sobre un muro. A mediodía alguien encendió una luz al otro lado. Los vecinos comenzaron a saludar cada mañana. Cuando demolieron la pared, encontraron una habitación que nadie había construido.",37
ciudad-01-09,ciudad-01,ciudad,test,"En la estación, Luis pintó una ventana sobre un muro. A las seis alguien encendió una luz al otro lado. Los vecinos comenzaron a saludar cada mañana. Cuando demolieron la pared, encontraron una habitación que nadie había construido.",38
ciudad-01-10,ciudad-01,ciudad,test,"En la estación, Luz pintó una ventana sobre un muro. A las diez alguien encendió una luz al otro lado. Los vecinos comenzaron a saludar cada mañana. Cuando demolieron la pared, encontraron una habitación que nadie había construido.",38
ciudad-01-11,ciudad-01,ciudad,test,"En la estación, Daniel pintó una ventana sobre un muro. A medianoche alguien encendió una luz al otro lado. Los vecinos comenzaron a saludar cada mañana. Cuando demolieron la pared, encontraron una habitación que nadie había construido.",37
ciudad-01-12,ciudad-01,ciudad,test,"En la plaza, Sara pintó una ventana sobre un muro. A mediodía alguien encendió una luz al otro lado. Los vecinos comenzaron a saludar cada mañana. Cuando demolieron la pared, encontraron una habitación que nadie había construido.",37
ciudad-01-13,ciudad-01,ciudad,test,"En la plaza, Tomás pintó una ventana sobre un muro. A las seis alguien encendió una luz al otro lado. Los vecinos comenzaron a saludar cada mañana. Cuando demolieron la pared, encontraron una habitación que nadie había construido.",38
ciudad-01-14,ciudad-01,ciudad,test,"En la plaza, Elena pintó una ventana sobre un muro. A las diez alguien encendió una luz al otro lado. Los vecinos comenzaron a saludar cada mañana. Cuando demolieron la pared, encontraron una habitación que nadie había construido.",38
ciudad-01-15,ciudad-01,ciudad,test,"En la plaza, Simón pintó una ventana sobre un muro. A medianoche alguien encendió una luz al otro lado. Los vecinos comenzaron a saludar cada mañana. Cuando demolieron la pared, encontraron una habitación que nadie había construido.",37
ciudad-02-00,ciudad-02,ciudad,train,"Ana barría las calles de el pueblo a las seis. Entre las hojas encontró una palabra que nadie usaba. La guardó en el bolsillo y la dijo en casa. Desde entonces, en su barrio, hubo una forma nueva de pedir compañía.",41
ciudad-02-01,ciudad-02,ciudad,train,"Luis barría las calles de el pueblo a las diez. Entre las hojas encontró una palabra que nadie usaba. La guardó en el bolsillo y la dijo en casa. Desde entonces, en su barrio, hubo una forma nueva de pedir compañía.",41
ciudad-02-02,ciudad-02,ciudad,train,"Luz barría las calles de el pueblo a medianoche. Entre las hojas encontró una palabra que nadie usaba. La guardó en el bolsillo y la dijo en casa. Desde entonces, en su barrio, hubo una forma nueva de pedir compañía.",40
ciudad-02-03,ciudad-02,ciudad,train,"Daniel barría las calles de el pueblo a mediodía. Entre las hojas encontró una palabra que nadie usaba. La guardó en el bolsillo y la dijo en casa. Desde entonces, en su barrio, hubo una forma nueva de pedir compañía.",40
ciudad-02-04,ciudad-02,ciudad,train,"Sara barría las calles de la estación a las seis. Entre las hojas encontró una palabra que nadie usaba. La guardó en el bolsillo y la dijo en casa. Desde entonces, en su barrio, hubo una forma nueva de pedir compañía.",41
ciudad-02-05,ciudad-02,ciudad,train,"Tomás barría las calles de la estación a las diez. Entre las hojas encontró una palabra que nadie usaba. La guardó en el bolsillo y la dijo en casa. Desde entonces, en su barrio, hubo una forma nueva de pedir compañía.",41
ciudad-02-06,ciudad-02,ciudad,train,"Elena barría las calles de la estación a medianoche. Entre las hojas encontró una palabra que nadie usaba. La guardó en el bolsillo y la dijo en casa. Desde entonces, en su barrio, hubo una forma nueva de pedir compañía.",40
ciudad-02-07,ciudad-02,ciudad,train,"Simón barría las calles de la estación a mediodía. Entre las hojas encontró una palabra que nadie usaba. La guardó en el bolsillo y la dijo en casa. Desde entonces, en su barrio, hubo una forma nueva de pedir compañía.",40
ciudad-02-08,ciudad-02,ciudad,train,"Ana barría las calles de la plaza a las seis. Entre las hojas encontró una palabra que nadie usaba. La guardó en el bolsillo y la dijo en casa. Desde entonces, en su barrio, hubo una forma nueva de pedir compañía.",41
ciudad-02-09,ciudad-02,ciudad,train,"Luis barría las calles de la plaza a las diez. Entre las hojas encontró una palabra que nadie usaba. La guardó en el bolsillo y la dijo en casa. Desde entonces, en su barrio, hubo una forma nueva de pedir compañía.",41
ciudad-02-10,ciudad-02,ciudad,train,"Luz barría las calles de la plaza a medianoche. Entre las hojas encontró una palabra que nadie usaba. La guardó en el bolsillo y la dijo en casa. Desde entonces, en su barrio, hubo una forma nueva de pedir compañía.",40
ciudad-02-11,ciudad-02,ciudad,train,"Daniel barría las calles de la plaza a mediodía. Entre las hojas encontró una palabra que nadie usaba. La guardó en el bolsillo y la dijo en casa. Desde entonces, en su barrio, hubo una forma nueva de pedir compañía.",40
ciudad-02-12,ciudad-02,ciudad,train,"Sara barría las calles de el parque a las seis. Entre las hojas encontró una palabra que nadie usaba. La guardó en el bolsillo y la dijo en casa. Desde entonces, en su barrio, hubo una forma nueva de pedir compañía.",41
ciudad-02-13,ciudad-02,ciudad,train,"Tomás barría las calles de el parque a las diez. Entre las hojas encontró una palabra que nadie usaba. La guardó en el bolsillo y la dijo en casa. Desde entonces, en su barrio, hubo una forma nueva de pedir compañía.",41
ciudad-02-14,ciudad-02,ciudad,train,"Elena barría las calles de el parque a medianoche. Entre las hojas encontró una palabra que nadie usaba. La guardó en el bolsillo y la dijo en casa. Desde entonces, en su barrio, hubo una forma nueva de pedir compañía.",40
ciudad-02-15,ciudad-02,ciudad,train,"Simón barría las calles de el parque a mediodía. Entre las hojas encontró una palabra que nadie usaba. La guardó en el bolsillo y la dijo en casa. Desde entonces, en su barrio, hubo una forma nueva de pedir compañía.",40
ciudad-03-00,ciudad-03,ciudad,train,"El semáforo de la estación se quedó en rojo a las diez. Ana bajó del bus y comenzó a conversar con alguien. Cuando volvió la luz verde, nadie quiso moverse. La ciudad tuvo que aprender a esperar sin tocar la bocina.",41
ciudad-03-01,ciudad-03,ciudad,train,"El semáforo de la estación se quedó en rojo a medianoche. Luis bajó del bus y comenzó a conversar con alguien. Cuando volvió la luz verde, nadie quiso moverse. La ciudad tuvo que aprender a esperar sin tocar la bocina.",40
ciudad-03-02,ciudad-03,ciudad,train,"El semáforo de la estación se quedó en rojo a mediodía. Luz bajó del bus y comenzó a conversar con alguien. Cuando volvió la luz verde, nadie quiso moverse. La ciudad tuvo que aprender a esperar sin tocar la bocina.",40
ciudad-03-03,ciudad-03,ciudad,train,"El semáforo de la estación se quedó en rojo a las seis. Daniel bajó del bus y comenzó a conversar con alguien. Cuando volvió la luz verde, nadie quiso moverse. La ciudad tuvo que aprender a esperar sin tocar la bocina.",41
ciudad-03-04,ciudad-03,ciudad,train,"El semáforo de la plaza se quedó en rojo a las diez. Sara bajó del bus y comenzó a conversar con alguien. Cuando volvió la luz verde, nadie quiso moverse. La ciudad tuvo que aprender a esperar sin tocar la bocina.",41
ciudad-03-05,ciudad-03,ciudad,train,"El semáforo de la plaza se quedó en rojo a medianoche. Tomás bajó del bus y comenzó a conversar con alguien. Cuando volvió la luz verde, nadie quiso moverse. La ciudad tuvo que aprender a esperar sin tocar la bocina.",40
ciudad-03-06,ciudad-03,ciudad,train,"El semáforo de la plaza se quedó en rojo a mediodía. Elena bajó del bus y comenzó a conversar con alguien. Cuando volvió la luz verde, nadie quiso moverse. La ciudad tuvo que aprender a esperar sin tocar la bocina.",40
ciudad-03-07,ciudad-03,ciudad,train,"El semáforo de la plaza se quedó en rojo a las seis. Simón bajó del bus y comenzó a conversar con alguien. Cuando volvió la luz verde, nadie quiso moverse. La ciudad tuvo que aprender a esperar sin tocar la bocina.",41
ciudad-03-08,ciudad-03,ciudad,train,"El semáforo de el parque se quedó en rojo a las diez. Ana bajó del bus y comenzó a conversar con alguien. Cuando volvió la luz verde, nadie quiso moverse. La ciudad tuvo que aprender a esperar sin tocar la bocina.",41
ciudad-03-09,ciudad-03,ciudad,train,"El semáforo de el parque se quedó en rojo a medianoche. Luis bajó del bus y comenzó a conversar con alguien. Cuando volvió la luz verde, nadie quiso moverse. La ciudad tuvo que aprender a esperar sin tocar la bocina.",40
ciudad-03-10,ciudad-03,ciudad,train,"El semáforo de el parque se quedó en rojo a mediodía. Luz bajó del bus y comenzó a conversar con alguien. Cuando volvió la luz verde, nadie quiso moverse. La ciudad tuvo que aprender a esperar sin tocar la bocina.",40
ciudad-03-11,ciudad-03,ciudad,train,"El semáforo de el parque se quedó en rojo a las seis. Daniel bajó del bus y comenzó a conversar con alguien. Cuando volvió la luz verde, nadie quiso moverse. La ciudad tuvo que aprender a esperar sin tocar la bocina.",41
ciudad-03-12,ciudad-03,ciudad,train,"El semáforo de el pueblo se quedó en rojo a las diez. Sara bajó del bus y comenzó a conversar con alguien. Cuando volvió la luz verde, nadie quiso moverse. La ciudad tuvo que aprender a esperar sin tocar la bocina.",41
ciudad-03-13,ciudad-03,ciudad,train,"El semáforo de el pueblo se quedó en rojo a medianoche. Tomás bajó del bus y comenzó a conversar con alguien. Cuando volvió la luz verde, nadie quiso moverse. La ciudad tuvo que aprender a esperar sin tocar la bocina.",40
ciudad-03-14,ciudad-03,ciudad,train,"El semáforo de el pueblo se quedó en rojo a mediodía. Elena bajó del bus y comenzó a conversar con alguien. Cuando volvió la luz verde, nadie quiso moverse. La ciudad tuvo que aprender a esperar sin tocar la bocina.",40
ciudad-03-15,ciudad-03,ciudad,train,"El semáforo de el pueblo se quedó en rojo a las seis. Simón bajó del bus y comenzó a conversar con alguien. Cuando volvió la luz verde, nadie quiso moverse. La ciudad tuvo que aprender a esperar sin tocar la bocina.",41
ciudad-04-00,ciudad-04,ciudad,train,Ana descubrió una escalera nueva en la plaza. Subió a medianoche y llegó a una terraza llena de sillas. Cada silla miraba una ciudad diferente. Eligió la que tenía una ventana abierta y oyó que alguien lo llamaba a comer.,40
ciudad-04-01,ciudad-04,ciudad,train,Luis descubrió una escalera nueva en la plaza. Subió a mediodía y llegó a una terraza llena de sillas. Cada silla miraba una ciudad diferente. Eligió la que tenía una ventana abierta y oyó que alguien lo llamaba a comer.,40
ciudad-04-02,ciudad-04,ciudad,train,Luz descubrió una escalera nueva en la plaza. Subió a las seis y llegó a una terraza llena de sillas. Cada silla miraba una ciudad diferente. Eligió la que tenía una ventana abierta y oyó que alguien lo llamaba a comer.,41
ciudad-04-03,ciudad-04,ciudad,train,Daniel descubrió una escalera nueva en la plaza. Subió a las diez y llegó a una terraza llena de sillas. Cada silla miraba una ciudad diferente. Eligió la que tenía una ventana abierta y oyó que alguien lo llamaba a comer.,41
ciudad-04-04,ciudad-04,ciudad,train,Sara descubrió una escalera nueva en el parque. Subió a medianoche y llegó a una terraza llena de sillas. Cada silla miraba una ciudad diferente. Eligió la que tenía una ventana abierta y oyó que alguien lo llamaba a comer.,40
ciudad-04-05,ciudad-04,ciudad,train,Tomás descubrió una escalera nueva en el parque. Subió a mediodía y llegó a una terraza llena de sillas. Cada silla miraba una ciudad diferente. Eligió la que tenía una ventana abierta y oyó que alguien lo llamaba a comer.,40
ciudad-04-06,ciudad-04,ciudad,train,Elena descubrió una escalera nueva en el parque. Subió a las seis y llegó a una terraza llena de sillas. Cada silla miraba una ciudad diferente. Eligió la que tenía una ventana abierta y oyó que alguien lo llamaba a comer.,41
ciudad-04-07,ciudad-04,ciudad,train,Simón descubrió una escalera nueva en el parque. Subió a las diez y llegó a una terraza llena de sillas. Cada silla miraba una ciudad diferente. Eligió la que tenía una ventana abierta y oyó que alguien lo llamaba a comer.,41
ciudad-04-08,ciudad-04,ciudad,train,Ana descubrió una escalera nueva en el pueblo. Subió a medianoche y llegó a una terraza llena de sillas. Cada silla miraba una ciudad diferente. Eligió la que tenía una ventana abierta y oyó que alguien lo llamaba a comer.,40
ciudad-04-09,ciudad-04,ciudad,train,Luis descubrió una escalera nueva en el pueblo. Subió a mediodía y llegó a una terraza llena de sillas. Cada silla miraba una ciudad diferente. Eligió la que tenía una ventana abierta y oyó que alguien lo llamaba a comer.,40
ciudad-04-10,ciudad-04,ciudad,train,Luz descubrió una escalera nueva en el pueblo. Subió a las seis y llegó a una terraza llena de sillas. Cada silla miraba una ciudad diferente. Eligió la que tenía una ventana abierta y oyó que alguien lo llamaba a comer.,41
ciudad-04-11,ciudad-04,ciudad,train,Daniel descubrió una escalera nueva en el pueblo. Subió a las diez y llegó a una terraza llena de sillas. Cada silla miraba una ciudad diferente. Eligió la que tenía una ventana abierta y oyó que alguien lo llamaba a comer.,41
ciudad-04-12,ciudad-04,ciudad,train,Sara descubrió una escalera nueva en la estación. Subió a medianoche y llegó a una terraza llena de sillas. Cada silla miraba una ciudad diferente. Eligió la que tenía una ventana abierta y oyó que alguien lo llamaba a comer.,40
ciudad-04-13,ciudad-04,ciudad,train,Tomás descubrió una escalera nueva en la estación. Subió a mediodía y llegó a una terraza llena de sillas. Cada silla miraba una ciudad diferente. Eligió la que tenía una ventana abierta y oyó que alguien lo llamaba a comer.,40
ciudad-04-14,ciudad-04,ciudad,train,Elena descubrió una escalera nueva en la estación. Subió a las seis y llegó a una terraza llena de sillas. Cada silla miraba una ciudad diferente. Eligió la que tenía una ventana abierta y oyó que alguien lo llamaba a comer.,41
ciudad-04-15,ciudad-04,ciudad,train,Simón descubrió una escalera nueva en la estación. Subió a las diez y llegó a una terraza llena de sillas. Cada silla miraba una ciudad diferente. Eligió la que tenía una ventana abierta y oyó que alguien lo llamaba a comer.,41
ciudad-05-00,ciudad-05,ciudad,train,"En el parque, los edificios crecían un piso cada noche. Ana dejó una planta en la azotea a mediodía. Al regresar encontró un bosque sobre las antenas. Por primera vez, la ciudad había crecido sin dejar a nadie más lejos del cielo.",42
ciudad-05-01,ciudad-05,ciudad,train,"En el parque, los edificios crecían un piso cada noche. Luis dejó una planta en la azotea a las seis. Al regresar encontró un bosque sobre las antenas. Por primera vez, la ciudad había crecido sin dejar a nadie más lejos del cielo.",43
ciudad-05-02,ciudad-05,ciudad,train,"En el parque, los edificios crecían un piso cada noche. Luz dejó una planta en la azotea a las diez. Al regresar encontró un bosque sobre las antenas. Por primera vez, la ciudad había crecido sin dejar a nadie más lejos del cielo.",43
ciudad-05-03,ciudad-05,ciudad,train,"En el parque, los edificios crecían un piso cada noche. Daniel dejó una planta en la azotea a medianoche. Al regresar encontró un bosque sobre las antenas. Por primera vez, la ciudad había crecido sin dejar a nadie más lejos del cielo.",42
ciudad-05-04,ciudad-05,ciudad,train,"En el pueblo, los edificios crecían un piso cada noche. Sara dejó una planta en la azotea a mediodía. Al regresar encontró un bosque sobre las antenas. Por primera vez, la ciudad había crecido sin dejar a nadie más lejos del cielo.",42
ciudad-05-05,ciudad-05,ciudad,train,"En el pueblo, los edificios crecían un piso cada noche. Tomás dejó una planta en la azotea a las seis. Al regresar encontró un bosque sobre las antenas. Por primera vez, la ciudad había crecido sin dejar a nadie más lejos del cielo.",43
ciudad-05-06,ciudad-05,ciudad,train,"En el pueblo, los edificios crecían un piso cada noche. Elena dejó una planta en la azotea a las diez. Al regresar encontró un bosque sobre las antenas. Por primera vez, la ciudad había crecido sin dejar a nadie más lejos del cielo.",43
ciudad-05-07,ciudad-05,ciudad,train,"En el pueblo, los edificios crecían un piso cada noche. Simón dejó una planta en la azotea a medianoche. Al regresar encontró un bosque sobre las antenas. Por primera vez, la ciudad había crecido sin dejar a nadie más lejos del cielo.",42
ciudad-05-08,ciudad-05,ciudad,train,"En la estación, los edificios crecían un piso cada noche. Ana dejó una planta en la azotea a mediodía. Al regresar encontró un bosque sobre las antenas. Por primera vez, la ciudad había crecido sin dejar a nadie más lejos del cielo.",42
ciudad-05-09,ciudad-05,ciudad,train,"En la estación, los edificios crecían un piso cada noche. Luis dejó una planta en la azotea a las seis. Al regresar encontró un bosque sobre las antenas. Por primera vez, la ciudad había crecido sin dejar a nadie más lejos del cielo.",43
ciudad-05-10,ciudad-05,ciudad,train,"En la estación, los edificios crecían un piso cada noche. Luz dejó una planta en la azotea a las diez. Al regresar encontró un bosque sobre las antenas. Por primera vez, la ciudad había crecido sin dejar a nadie más lejos del cielo.",43
ciudad-05-11,ciudad-05,ciudad,train,"En la estación, los edificios crecían un piso cada noche. Daniel dejó una planta en la azotea a medianoche. Al regresar encontró un bosque sobre las antenas. Por primera vez, la ciudad había crecido sin dejar a nadie más lejos del cielo.",42
ciudad-05-12,ciudad-05,ciudad,train,"En la plaza, los edificios crecían un piso cada noche. Sara dejó una planta en la azotea a mediodía. Al regresar encontró un bosque sobre las antenas. Por primera vez, la ciudad había crecido sin dejar a nadie más lejos del cielo.",42
ciudad-05-13,ciudad-05,ciudad,train,"En la plaza, los edificios crecían un piso cada noche. Tomás dejó una planta en la azotea a las seis. Al regresar encontró un bosque sobre las antenas. Por primera vez, la ciudad había crecido sin dejar a nadie más lejos del cielo.",43
ciudad-05-14,ciudad-05,ciudad,train,"En la plaza, los edificios crecían un piso cada noche. Elena dejó una planta en la azotea a las diez. Al regresar encontró un bosque sobre las antenas. Por primera vez, la ciudad había crecido sin dejar a nadie más lejos del cielo.",43
ciudad-05-15,ciudad-05,ciudad,train,"En la plaza, los edificios crecían un piso cada noche. Simón dejó una planta en la azotea a medianoche. Al regresar encontró un bosque sobre las antenas. Por primera vez, la ciudad había crecido sin dejar a nadie más lejos del cielo.",42
ciudad-06-00,ciudad-06,ciudad,train,"A las seis, Ana encontró una biblioteca cerrada en el pueblo. Los libros golpeaban la puerta desde dentro. Abrió con cuidado y los dejó salir. Al día siguiente, todos los pasajeros del bus tenían una historia distinta para contar.",39
ciudad-06-01,ciudad-06,ciudad,train,"A las diez, Luis encontró una biblioteca cerrada en el pueblo. Los libros golpeaban la puerta desde dentro. Abrió con cuidado y los dejó salir. Al día siguiente, todos los pasajeros del bus tenían una historia distinta para contar.",39
ciudad-06-02,ciudad-06,ciudad,train,"A medianoche, Luz encontró una biblioteca cerrada en el pueblo. Los libros golpeaban la puerta desde dentro. Abrió con cuidado y los dejó salir. Al día siguiente, todos los pasajeros del bus tenían una historia distinta para contar.",38
ciudad-06-03,ciudad-06,ciudad,train,"A mediodía, Daniel encontró una biblioteca cerrada en el pueblo. Los libros golpeaban la puerta desde dentro. Abrió con cuidado y los dejó salir. Al día siguiente, todos los pasajeros del bus tenían una historia distinta para contar.",38
ciudad-06-04,ciudad-06,ciudad,train,"A las seis, Sara encontró una biblioteca cerrada en la estación. Los libros golpeaban la puerta desde dentro. Abrió con cuidado y los dejó salir. Al día siguiente, todos los pasajeros del bus tenían una historia distinta para contar.",39
ciudad-06-05,ciudad-06,ciudad,train,"A las diez, Tomás encontró una biblioteca cerrada en la estación. Los libros golpeaban la puerta desde dentro. Abrió con cuidado y los dejó salir. Al día siguiente, todos los pasajeros del bus tenían una historia distinta para contar.",39
ciudad-06-06,ciudad-06,ciudad,train,"A medianoche, Elena encontró una biblioteca cerrada en la estación. Los libros golpeaban la puerta desde dentro. Abrió con cuidado y los dejó salir. Al día siguiente, todos los pasajeros del bus tenían una historia distinta para contar.",38
ciudad-06-07,ciudad-06,ciudad,train,"A mediodía, Simón encontró una biblioteca cerrada en la estación. Los libros golpeaban la puerta desde dentro. Abrió con cuidado y los dejó salir. Al día siguiente, todos los pasajeros del bus tenían una historia distinta para contar.",38
ciudad-06-08,ciudad-06,ciudad,train,"A las seis, Ana encontró una biblioteca cerrada en la plaza. Los libros golpeaban la puerta desde dentro. Abrió con cuidado y los dejó salir. Al día siguiente, todos los pasajeros del bus tenían una historia distinta para contar.",39
ciudad-06-09,ciudad-06,ciudad,train,"A las diez, Luis encontró una biblioteca cerrada en la plaza. Los libros golpeaban la puerta desde dentro. Abrió con cuidado y los dejó salir. Al día siguiente, todos los pasajeros del bus tenían una historia distinta para contar.",39
ciudad-06-10,ciudad-06,ciudad,train,"A medianoche, Luz encontró una biblioteca cerrada en la plaza. Los libros golpeaban la puerta desde dentro. Abrió con cuidado y los dejó salir. Al día siguiente, todos los pasajeros del bus tenían una historia distinta para contar.",38
ciudad-06-11,ciudad-06,ciudad,train,"A mediodía, Daniel encontró una biblioteca cerrada en la plaza. Los libros golpeaban la puerta desde dentro. Abrió con cuidado y los dejó salir. Al día siguiente, todos los pasajeros del bus tenían una historia distinta para contar.",38
ciudad-06-12,ciudad-06,ciudad,train,"A las seis, Sara encontró una biblioteca cerrada en el parque. Los libros golpeaban la puerta desde dentro. Abrió con cuidado y los dejó salir. Al día siguiente, todos los pasajeros del bus tenían una historia distinta para contar.",39
ciudad-06-13,ciudad-06,ciudad,train,"A las diez, Tomás encontró una biblioteca cerrada en el parque. Los libros golpeaban la puerta desde dentro. Abrió con cuidado y los dejó salir. Al día siguiente, todos los pasajeros del bus tenían una historia distinta para contar.",39
ciudad-06-14,ciudad-06,ciudad,train,"A medianoche, Elena encontró una biblioteca cerrada en el parque. Los libros golpeaban la puerta desde dentro. Abrió con cuidado y los dejó salir. Al día siguiente, todos los pasajeros del bus tenían una historia distinta para contar.",38
ciudad-06-15,ciudad-06,ciudad,train,"A mediodía, Simón encontró una biblioteca cerrada en el parque. Los libros golpeaban la puerta desde dentro. Abrió con cuidado y los dejó salir. Al día siguiente, todos los pasajeros del bus tenían una historia distinta para contar.",38
ciudad-07-00,ciudad-07,ciudad,val,Ana dibujaba mapas de la estación a las diez. Una calle cambiaba de sitio cada vez que levantaba el lápiz. Decidió caminar por ella sin dibujarla. Al final encontró la casa de alguien que llevaba años tratando de olvidar.,39
ciudad-07-01,ciudad-07,ciudad,val,Luis dibujaba mapas de la estación a medianoche. Una calle cambiaba de sitio cada vez que levantaba el lápiz. Decidió caminar por ella sin dibujarla. Al final encontró la casa de alguien que llevaba años tratando de olvidar.,38
ciudad-07-02,ciudad-07,ciudad,val,Luz dibujaba mapas de la estación a mediodía. Una calle cambiaba de sitio cada vez que levantaba el lápiz. Decidió caminar por ella sin dibujarla. Al final encontró la casa de alguien que llevaba años tratando de olvidar.,38
ciudad-07-03,ciudad-07,ciudad,val,Daniel dibujaba mapas de la estación a las seis. Una calle cambiaba de sitio cada vez que levantaba el lápiz. Decidió caminar por ella sin dibujarla. Al final encontró la casa de alguien que llevaba años tratando de olvidar.,39
ciudad-07-04,ciudad-07,ciudad,val,Sara dibujaba mapas de la plaza a las diez. Una calle cambiaba de sitio cada vez que levantaba el lápiz. Decidió caminar por ella sin dibujarla. Al final encontró la casa de alguien que llevaba años tratando de olvidar.,39
ciudad-07-05,ciudad-07,ciudad,val,Tomás dibujaba mapas de la plaza a medianoche. Una calle cambiaba de sitio cada vez que levantaba el lápiz. Decidió caminar por ella sin dibujarla. Al final encontró la casa de alguien que llevaba años tratando de olvidar.,38
ciudad-07-06,ciudad-07,ciudad,val,Elena dibujaba mapas de la plaza a mediodía. Una calle cambiaba de sitio cada vez que levantaba el lápiz. Decidió caminar por ella sin dibujarla. Al final encontró la casa de alguien que llevaba años tratando de olvidar.,38
ciudad-07-07,ciudad-07,ciudad,val,Simón dibujaba mapas de la plaza a las seis. Una calle cambiaba de sitio cada vez que levantaba el lápiz. Decidió caminar por ella sin dibujarla. Al final encontró la casa de alguien que llevaba años tratando de olvidar.,39
ciudad-07-08,ciudad-07,ciudad,val,Ana dibujaba mapas de el parque a las diez. Una calle cambiaba de sitio cada vez que levantaba el lápiz. Decidió caminar por ella sin dibujarla. Al final encontró la casa de alguien que llevaba años tratando de olvidar.,39
ciudad-07-09,ciudad-07,ciudad,val,Luis dibujaba mapas de el parque a medianoche. Una calle cambiaba de sitio cada vez que levantaba el lápiz. Decidió caminar por ella sin dibujarla. Al final encontró la casa de alguien que llevaba años tratando de olvidar.,38
ciudad-07-10,ciudad-07,ciudad,val,Luz dibujaba mapas de el parque a mediodía. Una calle cambiaba de sitio cada vez que levantaba el lápiz. Decidió caminar por ella sin dibujarla. Al final encontró la casa de alguien que llevaba años tratando de olvidar.,38
ciudad-07-11,ciudad-07,ciudad,val,Daniel dibujaba mapas de el parque a las seis. Una calle cambiaba de sitio cada vez que levantaba el lápiz. Decidió caminar por ella sin dibujarla. Al final encontró la casa de alguien que llevaba años tratando de olvidar.,39
ciudad-07-12,ciudad-07,ciudad,val,Sara dibujaba mapas de el pueblo a las diez. Una calle cambiaba de sitio cada vez que levantaba el lápiz. Decidió caminar por ella sin dibujarla. Al final encontró la casa de alguien que llevaba años tratando de olvidar.,39
ciudad-07-13,ciudad-07,ciudad,val,Tomás dibujaba mapas de el pueblo a medianoche. Una calle cambiaba de sitio cada vez que levantaba el lápiz. Decidió caminar por ella sin dibujarla. Al final encontró la casa de alguien que llevaba años tratando de olvidar.,38
ciudad-07-14,ciudad-07,ciudad,val,Elena dibujaba mapas de el pueblo a mediodía. Una calle cambiaba de sitio cada vez que levantaba el lápiz. Decidió caminar por ella sin dibujarla. Al final encontró la casa de alguien que llevaba años tratando de olvidar.,38
ciudad-07-15,ciudad-07,ciudad,val,Simón dibujaba mapas de el pueblo a las seis. Una calle cambiaba de sitio cada vez que levantaba el lápiz. Decidió caminar por ella sin dibujarla. Al final encontró la casa de alguien que llevaba años tratando de olvidar.,39
ciudad-08-00,ciudad-08,ciudad,val,"En la plaza, Ana oyó que las ventanas conversaban a medianoche. Hablaban de las personas que habían visto marcharse. Abrió la suya para escuchar mejor. La ventana se quedó callada, como si todavía tuviera algo importante que proteger.",38
ciudad-08-01,ciudad-08,ciudad,val,"En la plaza, Luis oyó que las ventanas conversaban a mediodía. Hablaban de las personas que habían visto marcharse. Abrió la suya para escuchar mejor. La ventana se quedó callada, como si todavía tuviera algo importante que proteger.",38
ciudad-08-02,ciudad-08,ciudad,val,"En la plaza, Luz oyó que las ventanas conversaban a las seis. Hablaban de las personas que habían visto marcharse. Abrió la suya para escuchar mejor. La ventana se quedó callada, como si todavía tuviera algo importante que proteger.",39
ciudad-08-03,ciudad-08,ciudad,val,"En la plaza, Daniel oyó que las ventanas conversaban a las diez. Hablaban de las personas que habían visto marcharse. Abrió la suya para escuchar mejor. La ventana se quedó callada, como si todavía tuviera algo importante que proteger.",39
ciudad-08-04,ciudad-08,ciudad,val,"En el parque, Sara oyó que las ventanas conversaban a medianoche. Hablaban de las personas que habían visto marcharse. Abrió la suya para escuchar mejor. La ventana se quedó callada, como si todavía tuviera algo importante que proteger.",38
ciudad-08-05,ciudad-08,ciudad,val,"En el parque, Tomás oyó que las ventanas conversaban a mediodía. Hablaban de las personas que habían visto marcharse. Abrió la suya para escuchar mejor. La ventana se quedó callada, como si todavía tuviera algo importante que proteger.",38
ciudad-08-06,ciudad-08,ciudad,val,"En el parque, Elena oyó que las ventanas conversaban a las seis. Hablaban de las personas que habían visto marcharse. Abrió la suya para escuchar mejor. La ventana se quedó callada, como si todavía tuviera algo importante que proteger.",39
ciudad-08-07,ciudad-08,ciudad,val,"En el parque, Simón oyó que las ventanas conversaban a las diez. Hablaban de las personas que habían visto marcharse. Abrió la suya para escuchar mejor. La ventana se quedó callada, como si todavía tuviera algo importante que proteger.",39
ciudad-08-08,ciudad-08,ciudad,val,"En el pueblo, Ana oyó que las ventanas conversaban a medianoche. Hablaban de las personas que habían visto marcharse. Abrió la suya para escuchar mejor. La ventana se quedó callada, como si todavía tuviera algo importante que proteger.",38
ciudad-08-09,ciudad-08,ciudad,val,"En el pueblo, Luis oyó que las ventanas conversaban a mediodía. Hablaban de las personas que habían visto marcharse. Abrió la suya para escuchar mejor. La ventana se quedó callada, como si todavía tuviera algo importante que proteger.",38
ciudad-08-10,ciudad-08,ciudad,val,"En el pueblo, Luz oyó que las ventanas conversaban a las seis. Hablaban de las personas que habían visto marcharse. Abrió la suya para escuchar mejor. La ventana se quedó callada, como si todavía tuviera algo importante que proteger.",39
ciudad-08-11,ciudad-08,ciudad,val,"En el pueblo, Daniel oyó que las ventanas conversaban a las diez. Hablaban de las personas que habían visto marcharse. Abrió la suya para escuchar mejor. La ventana se quedó callada, como si todavía tuviera algo importante que proteger.",39
ciudad-08-12,ciudad-08,ciudad,val,"En la estación, Sara oyó que las ventanas conversaban a medianoche. Hablaban de las personas que habían visto marcharse. Abrió la suya para escuchar mejor. La ventana se quedó callada, como si todavía tuviera algo importante que proteger.",38
ciudad-08-13,ciudad-08,ciudad,val,"En la estación, Tomás oyó que las ventanas conversaban a mediodía. Hablaban de las personas que habían visto marcharse. Abrió la suya para escuchar mejor. La ventana se quedó callada, como si todavía tuviera algo importante que proteger.",38
ciudad-08-14,ciudad-08,ciudad,val,"En la estación, Elena oyó que las ventanas conversaban a las seis. Hablaban de las personas que habían visto marcharse. Abrió la suya para escuchar mejor. La ventana se quedó callada, como si todavía tuviera algo importante que proteger.",39
ciudad-08-15,ciudad-08,ciudad,val,"En la estación, Simón oyó que las ventanas conversaban a las diez. Hablaban de las personas que habían visto marcharse. Abrió la suya para escuchar mejor. La ventana se quedó callada, como si todavía tuviera algo importante que proteger.",39
ciudad-09-00,ciudad-09,ciudad,train,"Ana instaló un banco en el parque. A mediodía se sentó una persona que llevaba años de pie. Después llegó otra, y otra más. Nadie conocía sus nombres, pero desde ese día el barrio dejó de llamar vacío a aquel espacio.",41
ciudad-09-01,ciudad-09,ciudad,train,"Luis instaló un banco en el parque. A las seis se sentó una persona que llevaba años de pie. Después llegó otra, y otra más. Nadie conocía sus nombres, pero desde ese día el barrio dejó de llamar vacío a aquel espacio.",42
ciudad-09-02,ciudad-09,ciudad,train,"Luz instaló un banco en el parque. A las diez se sentó una persona que llevaba años de pie. Después llegó otra, y otra más. Nadie conocía sus nombres, pero desde ese día el barrio dejó de llamar vacío a aquel espacio.",42
ciudad-09-03,ciudad-09,ciudad,train,"Daniel instaló un banco en el parque. A medianoche se sentó una persona que llevaba años de pie. Después llegó otra, y otra más. Nadie conocía sus nombres, pero desde ese día el barrio dejó de llamar vacío a aquel espacio.",41
ciudad-09-04,ciudad-09,ciudad,train,"Sara instaló un banco en el pueblo. A mediodía se sentó una persona que llevaba años de pie. Después llegó otra, y otra más. Nadie conocía sus nombres, pero desde ese día el barrio dejó de llamar vacío a aquel espacio.",41
ciudad-09-05,ciudad-09,ciudad,train,"Tomás instaló un banco en el pueblo. A las seis se sentó una persona que llevaba años de pie. Después llegó otra, y otra más. Nadie conocía sus nombres, pero desde ese día el barrio dejó de llamar vacío a aquel espacio.",42
ciudad-09-06,ciudad-09,ciudad,train,"Elena instaló un banco en el pueblo. A las diez se sentó una persona que llevaba años de pie. Después llegó otra, y otra más. Nadie conocía sus nombres, pero desde ese día el barrio dejó de llamar vacío a aquel espacio.",42
ciudad-09-07,ciudad-09,ciudad,train,"Simón instaló un banco en el pueblo. A medianoche se sentó una persona que llevaba años de pie. Después llegó otra, y otra más. Nadie conocía sus nombres, pero desde ese día el barrio dejó de llamar vacío a aquel espacio.",41
ciudad-09-08,ciudad-09,ciudad,train,"Ana instaló un banco en la estación. A mediodía se sentó una persona que llevaba años de pie. Después llegó otra, y otra más. Nadie conocía sus nombres, pero desde ese día el barrio dejó de llamar vacío a aquel espacio.",41
ciudad-09-09,ciudad-09,ciudad,train,"Luis instaló un banco en la estación. A las seis se sentó una persona que llevaba años de pie. Después llegó otra, y otra más. Nadie conocía sus nombres, pero desde ese día el barrio dejó de llamar vacío a aquel espacio.",42
ciudad-09-10,ciudad-09,ciudad,train,"Luz instaló un banco en la estación. A las diez se sentó una persona que llevaba años de pie. Después llegó otra, y otra más. Nadie conocía sus nombres, pero desde ese día el barrio dejó de llamar vacío a aquel espacio.",42
ciudad-09-11,ciudad-09,ciudad,train,"Daniel instaló un banco en la estación. A medianoche se sentó una persona que llevaba años de pie. Después llegó otra, y otra más. Nadie conocía sus nombres, pero desde ese día el barrio dejó de llamar vacío a aquel espacio.",41
ciudad-09-12,ciudad-09,ciudad,train,"Sara instaló un banco en la plaza. A mediodía se sentó una persona que llevaba años de pie. Después llegó otra, y otra más. Nadie conocía sus nombres, pero desde ese día el barrio dejó de llamar vacío a aquel espacio.",41
ciudad-09-13,ciudad-09,ciudad,train,"Tomás instaló un banco en la plaza. A las seis se sentó una persona que llevaba años de pie. Después llegó otra, y otra más. Nadie conocía sus nombres, pero desde ese día el barrio dejó de llamar vacío a aquel espacio.",42
ciudad-09-14,ciudad-09,ciudad,train,"Elena instaló un banco en la plaza. A las diez se sentó una persona que llevaba años de pie. Después llegó otra, y otra más. Nadie conocía sus nombres, pero desde ese día el barrio dejó de llamar vacío a aquel espacio.",42
ciudad-09-15,ciudad-09,ciudad,train,"Simón instaló un banco en la plaza. A medianoche se sentó una persona que llevaba años de pie. Después llegó otra, y otra más. Nadie conocía sus nombres, pero desde ese día el barrio dejó de llamar vacío a aquel espacio.",41
ciudad-10-00,ciudad-10,ciudad,train,"A las seis, la lluvia borró los números de las casas de el pueblo. Ana repartió las cartas guiándose por sus olores. No se equivocó una sola vez. A la mañana siguiente, los vecinos pintaron flores donde antes habían escrito sus direcciones.",42
ciudad-10-01,ciudad-10,ciudad,train,"A las diez, la lluvia borró los números de las casas de el pueblo. Luis repartió las cartas guiándose por sus olores. No se equivocó una sola vez. A la mañana siguiente, los vecinos pintaron flores donde antes habían escrito sus direcciones.",42
ciudad-10-02,ciudad-10,ciudad,train,"A medianoche, la lluvia borró los números de las casas de el pueblo. Luz repartió las cartas guiándose por sus olores. No se equivocó una sola vez. A la mañana siguiente, los vecinos pintaron flores donde antes habían escrito sus direcciones.",41
ciudad-10-03,ciudad-10,ciudad,train,"A mediodía, la lluvia borró los números de las casas de el pueblo. Daniel repartió las cartas guiándose por sus olores. No se equivocó una sola vez. A la mañana siguiente, los vecinos pintaron flores donde antes habían escrito sus direcciones.",41
ciudad-10-04,ciudad-10,ciudad,train,"A las seis, la lluvia borró los números de las casas de la estación. Sara repartió las cartas guiándose por sus olores. No se equivocó una sola vez. A la mañana siguiente, los vecinos pintaron flores donde antes habían escrito sus direcciones.",42
ciudad-10-05,ciudad-10,ciudad,train,"A las diez, la lluvia borró los números de las casas de la estación. Tomás repartió las cartas guiándose por sus olores. No se equivocó una sola vez. A la mañana siguiente, los vecinos pintaron flores donde antes habían escrito sus direcciones.",42
ciudad-10-06,ciudad-10,ciudad,train,"A medianoche, la lluvia borró los números de las casas de la estación. Elena repartió las cartas guiándose por sus olores. No se equivocó una sola vez. A la mañana siguiente, los vecinos pintaron flores donde antes habían escrito sus direcciones.",41
ciudad-10-07,ciudad-10,ciudad,train,"A mediodía, la lluvia borró los números de las casas de la estación. Simón repartió las cartas guiándose por sus olores. No se equivocó una sola vez. A la mañana siguiente, los vecinos pintaron flores donde antes habían escrito sus direcciones.",41
ciudad-10-08,ciudad-10,ciudad,train,"A las seis, la lluvia borró los números de las casas de la plaza. Ana repartió las cartas guiándose por sus olores. No se equivocó una sola vez. A la mañana siguiente, los vecinos pintaron flores donde antes habían escrito sus direcciones.",42
ciudad-10-09,ciudad-10,ciudad,train,"A las diez, la lluvia borró los números de las casas de la plaza. Luis repartió las cartas guiándose por sus olores. No se equivocó una sola vez. A la mañana siguiente, los vecinos pintaron flores donde antes habían escrito sus direcciones.",42
ciudad-10-10,ciudad-10,ciudad,train,"A medianoche, la lluvia borró los números de las casas de la plaza. Luz repartió las cartas guiándose por sus olores. No se equivocó una sola vez. A la mañana siguiente, los vecinos pintaron flores donde antes habían escrito sus direcciones.",41
ciudad-10-11,ciudad-10,ciudad,train,"A mediodía, la lluvia borró los números de las casas de la plaza. Daniel repartió las cartas guiándose por sus olores. No se equivocó una sola vez. A la mañana siguiente, los vecinos pintaron flores donde antes habían escrito sus direcciones.",41
ciudad-10-12,ciudad-10,ciudad,train,"A las seis, la lluvia borró los números de las casas de el parque. Sara repartió las cartas guiándose por sus olores. No se equivocó una sola vez. A la mañana siguiente, los vecinos pintaron flores donde antes habían escrito sus direcciones.",42
ciudad-10-13,ciudad-10,ciudad,train,"A las diez, la lluvia borró los números de las casas de el parque. Tomás repartió las cartas guiándose por sus olores. No se equivocó una sola vez. A la mañana siguiente, los vecinos pintaron flores donde antes habían escrito sus direcciones.",42
ciudad-10-14,ciudad-10,ciudad,train,"A medianoche, la lluvia borró los números de las casas de el parque. Elena repartió las cartas guiándose por sus olores. No se equivocó una sola vez. A la mañana siguiente, los vecinos pintaron flores donde antes habían escrito sus direcciones.",41
ciudad-10-15,ciudad-10,ciudad,train,"A mediodía, la lluvia borró los números de las casas de el parque. Simón repartió las cartas guiándose por sus olores. No se equivocó una sola vez. A la mañana siguiente, los vecinos pintaron flores donde antes habían escrito sus direcciones.",41
ciudad-11-00,ciudad-11,ciudad,test,Ana bajó a una estación abandonada en la estación. A las diez escuchó anunciar un tren hacia su barrio de infancia. Dejó pasar tres vagones vacíos. En el último viajaba la persona que habría sido si nunca hubiera salido de allí.,41
ciudad-11-01,ciudad-11,ciudad,test,Luis bajó a una estación abandonada en la estación. A medianoche escuchó anunciar un tren hacia su barrio de infancia. Dejó pasar tres vagones vacíos. En el último viajaba la persona que habría sido si nunca hubiera salido de allí.,40
ciudad-11-02,ciudad-11,ciudad,test,Luz bajó a una estación abandonada en la estación. A mediodía escuchó anunciar un tren hacia su barrio de infancia. Dejó pasar tres vagones vacíos. En el último viajaba la persona que habría sido si nunca hubiera salido de allí.,40
ciudad-11-03,ciudad-11,ciudad,test,Daniel bajó a una estación abandonada en la estación. A las seis escuchó anunciar un tren hacia su barrio de infancia. Dejó pasar tres vagones vacíos. En el último viajaba la persona que habría sido si nunca hubiera salido de allí.,41
ciudad-11-04,ciudad-11,ciudad,test,Sara bajó a una estación abandonada en la plaza. A las diez escuchó anunciar un tren hacia su barrio de infancia. Dejó pasar tres vagones vacíos. En el último viajaba la persona que habría sido si nunca hubiera salido de allí.,41
ciudad-11-05,ciudad-11,ciudad,test,Tomás bajó a una estación abandonada en la plaza. A medianoche escuchó anunciar un tren hacia su barrio de infancia. Dejó pasar tres vagones vacíos. En el último viajaba la persona que habría sido si nunca hubiera salido de allí.,40
ciudad-11-06,ciudad-11,ciudad,test,Elena bajó a una estación abandonada en la plaza. A mediodía escuchó anunciar un tren hacia su barrio de infancia. Dejó pasar tres vagones vacíos. En el último viajaba la persona que habría sido si nunca hubiera salido de allí.,40
ciudad-11-07,ciudad-11,ciudad,test,Simón bajó a una estación abandonada en la plaza. A las seis escuchó anunciar un tren hacia su barrio de infancia. Dejó pasar tres vagones vacíos. En el último viajaba la persona que habría sido si nunca hubiera salido de allí.,41
ciudad-11-08,ciudad-11,ciudad,test,Ana bajó a una estación abandonada en el parque. A las diez escuchó anunciar un tren hacia su barrio de infancia. Dejó pasar tres vagones vacíos. En el último viajaba la persona que habría sido si nunca hubiera salido de allí.,41
ciudad-11-09,ciudad-11,ciudad,test,Luis bajó a una estación abandonada en el parque. A medianoche escuchó anunciar un tren hacia su barrio de infancia. Dejó pasar tres vagones vacíos. En el último viajaba la persona que habría sido si nunca hubiera salido de allí.,40
ciudad-11-10,ciudad-11,ciudad,test,Luz bajó a una estación abandonada en el parque. A mediodía escuchó anunciar un tren hacia su barrio de infancia. Dejó pasar tres vagones vacíos. En el último viajaba la persona que habría sido si nunca hubiera salido de allí.,40
ciudad-11-11,ciudad-11,ciudad,test,Daniel bajó a una estación abandonada en el parque. A las seis escuchó anunciar un tren hacia su barrio de infancia. Dejó pasar tres vagones vacíos. En el último viajaba la persona que habría sido si nunca hubiera salido de allí.,41
ciudad-11-12,ciudad-11,ciudad,test,Sara bajó a una estación abandonada en el pueblo. A las diez escuchó anunciar un tren hacia su barrio de infancia. Dejó pasar tres vagones vacíos. En el último viajaba la persona que habría sido si nunca hubiera salido de allí.,41
ciudad-11-13,ciudad-11,ciudad,test,Tomás bajó a una estación abandonada en el pueblo. A medianoche escuchó anunciar un tren hacia su barrio de infancia. Dejó pasar tres vagones vacíos. En el último viajaba la persona que habría sido si nunca hubiera salido de allí.,40
ciudad-11-14,ciudad-11,ciudad,test,Elena bajó a una estación abandonada en el pueblo. A mediodía escuchó anunciar un tren hacia su barrio de infancia. Dejó pasar tres vagones vacíos. En el último viajaba la persona que habría sido si nunca hubiera salido de allí.,40
ciudad-11-15,ciudad-11,ciudad,test,Simón bajó a una estación abandonada en el pueblo. A las seis escuchó anunciar un tren hacia su barrio de infancia. Dejó pasar tres vagones vacíos. En el último viajaba la persona que habría sido si nunca hubiera salido de allí.,41
naturaleza-00-00,naturaleza-00,naturaleza,val,"Ana sembró una semilla en la plaza. A medianoche apareció un árbol con hojas de papel. En cada hoja había una pregunta. Regó la tierra durante meses, pero nunca encontró respuestas. Finalmente se sentó bajo la sombra y dejó de buscarlas.",41
naturaleza-00-01,naturaleza-00,naturaleza,val,"Luis sembró una semilla en la plaza. A mediodía apareció un árbol con hojas de papel. En cada hoja había una pregunta. Regó la tierra durante meses, pero nunca encontró respuestas. Finalmente se sentó bajo la sombra y dejó de buscarlas.",41
naturaleza-00-02,naturaleza-00,naturaleza,val,"Luz sembró una semilla en la plaza. A las seis apareció un árbol con hojas de papel. En cada hoja había una pregunta. Regó la tierra durante meses, pero nunca encontró respuestas. Finalmente se sentó bajo la sombra y dejó de buscarlas.",42
naturaleza-00-03,naturaleza-00,naturaleza,val,"Daniel sembró una semilla en la plaza. A las diez apareció un árbol con hojas de papel. En cada hoja había una pregunta. Regó la tierra durante meses, pero nunca encontró respuestas. Finalmente se sentó bajo la sombra y dejó de buscarlas.",42
naturaleza-00-04,naturaleza-00,naturaleza,val,"Sara sembró una semilla en el parque. A medianoche apareció un árbol con hojas de papel. En cada hoja había una pregunta. Regó la tierra durante meses, pero nunca encontró respuestas. Finalmente se sentó bajo la sombra y dejó de buscarlas.",41
naturaleza-00-05,naturaleza-00,naturaleza,val,"Tomás sembró una semilla en el parque. A mediodía apareció un árbol con hojas de papel. En cada hoja había una pregunta. Regó la tierra durante meses, pero nunca encontró respuestas. Finalmente se sentó bajo la sombra y dejó de buscarlas.",41
naturaleza-00-06,naturaleza-00,naturaleza,val,"Elena sembró una semilla en el parque. A las seis apareció un árbol con hojas de papel. En cada hoja había una pregunta. Regó la tierra durante meses, pero nunca encontró respuestas. Finalmente se sentó bajo la sombra y dejó de buscarlas.",42
naturaleza-00-07,naturaleza-00,naturaleza,val,"Simón sembró una semilla en el parque. A las diez apareció un árbol con hojas de papel. En cada hoja había una pregunta. Regó la tierra durante meses, pero nunca encontró respuestas. Finalmente se sentó bajo la sombra y dejó de buscarlas.",42
naturaleza-00-08,naturaleza-00,naturaleza,val,"Ana sembró una semilla en el pueblo. A medianoche apareció un árbol con hojas de papel. En cada hoja había una pregunta. Regó la tierra durante meses, pero nunca encontró respuestas. Finalmente se sentó bajo la sombra y dejó de buscarlas.",41
naturaleza-00-09,naturaleza-00,naturaleza,val,"Luis sembró una semilla en el pueblo. A mediodía apareció un árbol con hojas de papel. En cada hoja había una pregunta. Regó la tierra durante meses, pero nunca encontró respuestas. Finalmente se sentó bajo la sombra y dejó de buscarlas.",41
naturaleza-00-10,naturaleza-00,naturaleza,val,"Luz sembró una semilla en el pueblo. A las seis apareció un árbol con hojas de papel. En cada hoja había una pregunta. Regó la tierra durante meses, pero nunca encontró respuestas. Finalmente se sentó bajo la sombra y dejó de buscarlas.",42
naturaleza-00-11,naturaleza-00,naturaleza,val,"Daniel sembró una semilla en el pueblo. A las diez apareció un árbol con hojas de papel. En cada hoja había una pregunta. Regó la tierra durante meses, pero nunca encontró respuestas. Finalmente se sentó bajo la sombra y dejó de buscarlas.",42
naturaleza-00-12,naturaleza-00,naturaleza,val,"Sara sembró una semilla en la estación. A medianoche apareció un árbol con hojas de papel. En cada hoja había una pregunta. Regó la tierra durante meses, pero nunca encontró respuestas. Finalmente se sentó bajo la sombra y dejó de buscarlas.",41
naturaleza-00-13,naturaleza-00,naturaleza,val,"Tomás sembró una semilla en la estación. A mediodía apareció un árbol con hojas de papel. En cada hoja había una pregunta. Regó la tierra durante meses, pero nunca encontró respuestas. Finalmente se sentó bajo la sombra y dejó de buscarlas.",41
naturaleza-00-14,naturaleza-00,naturaleza,val,"Elena sembró una semilla en la estación. A las seis apareció un árbol con hojas de papel. En cada hoja había una pregunta. Regó la tierra durante meses, pero nunca encontró respuestas. Finalmente se sentó bajo la sombra y dejó de buscarlas.",42
naturaleza-00-15,naturaleza-00,naturaleza,val,"Simón sembró una semilla en la estación. A las diez apareció un árbol con hojas de papel. En cada hoja había una pregunta. Regó la tierra durante meses, pero nunca encontró respuestas. Finalmente se sentó bajo la sombra y dejó de buscarlas.",42
naturaleza-01-00,naturaleza-01,naturaleza,train,"En el parque, Ana escuchó cantar al río a mediodía. La melodía cambiaba cada vez que alguien arrojaba basura al agua. Aprendió a recoger lo que encontraba en la orilla. Un día el río pudo terminar la canción sin detenerse.",40
naturaleza-01-01,naturaleza-01,naturaleza,train,"En el parque, Luis escuchó cantar al río a las seis. La melodía cambiaba cada vez que alguien arrojaba basura al agua. Aprendió a recoger lo que encontraba en la orilla. Un día el río pudo terminar la canción sin detenerse.",41
naturaleza-01-02,naturaleza-01,naturaleza,train,"En el parque, Luz escuchó cantar al río a las diez. La melodía cambiaba cada vez que alguien arrojaba basura al agua. Aprendió a recoger lo que encontraba en la orilla. Un día el río pudo terminar la canción sin detenerse.",41
naturaleza-01-03,naturaleza-01,naturaleza,train,"En el parque, Daniel escuchó cantar al río a medianoche. La melodía cambiaba cada vez que alguien arrojaba basura al agua. Aprendió a recoger lo que encontraba en la orilla. Un día el río pudo terminar la canción sin detenerse.",40
naturaleza-01-04,naturaleza-01,naturaleza,train,"En el pueblo, Sara escuchó cantar al río a mediodía. La melodía cambiaba cada vez que alguien arrojaba basura al agua. Aprendió a recoger lo que encontraba en la orilla. Un día el río pudo terminar la canción sin detenerse.",40
naturaleza-01-05,naturaleza-01,naturaleza,train,"En el pueblo, Tomás escuchó cantar al río a las seis. La melodía cambiaba cada vez que alguien arrojaba basura al agua. Aprendió a recoger lo que encontraba en la orilla. Un día el río pudo terminar la canción sin detenerse.",41
naturaleza-01-06,naturaleza-01,naturaleza,train,"En el pueblo, Elena escuchó cantar al río a las diez. La melodía cambiaba cada vez que alguien arrojaba basura al agua. Aprendió a recoger lo que encontraba en la orilla. Un día el río pudo terminar la canción sin detenerse.",41
naturaleza-01-07,naturaleza-01,naturaleza,train,"En el pueblo, Simón escuchó cantar al río a medianoche. La melodía cambiaba cada vez que alguien arrojaba basura al agua. Aprendió a recoger lo que encontraba en la orilla. Un día el río pudo terminar la canción sin detenerse.",40
naturaleza-01-08,naturaleza-01,naturaleza,train,"En la estación, Ana escuchó cantar al río a mediodía. La melodía cambiaba cada vez que alguien arrojaba basura al agua. Aprendió a recoger lo que encontraba en la orilla. Un día el río pudo terminar la canción sin detenerse.",40
naturaleza-01-09,naturaleza-01,naturaleza,train,"En la estación, Luis escuchó cantar al río a las seis. La melodía cambiaba cada vez que alguien arrojaba basura al agua. Aprendió a recoger lo que encontraba en la orilla. Un día el río pudo terminar la canción sin detenerse.",41
naturaleza-01-10,naturaleza-01,naturaleza,train,"En la estación, Luz escuchó cantar al río a las diez. La melodía cambiaba cada vez que alguien arrojaba basura al agua. Aprendió a recoger lo que encontraba en la orilla. Un día el río pudo terminar la canción sin detenerse.",41
naturaleza-01-11,naturaleza-01,naturaleza,train,"En la estación, Daniel escuchó cantar al río a medianoche. La melodía cambiaba cada vez que alguien arrojaba basura al agua. Aprendió a recoger lo que encontraba en la orilla. Un día el río pudo terminar la canción sin detenerse.",40
naturaleza-01-12,naturaleza-01,naturaleza,train,"En la plaza, Sara escuchó cantar al río a mediodía. La melodía cambiaba cada vez que alguien arrojaba basura al agua. Aprendió a recoger lo que encontraba en la orilla. Un día el río pudo terminar la canción sin detenerse.",40
naturaleza-01-13,naturaleza-01,naturaleza,train,"En la plaza, Tomás escuchó cantar al río a las seis. La melodía cambiaba cada vez que alguien arrojaba basura al agua. Aprendió a recoger lo que encontraba en la orilla. Un día el río pudo terminar la canción sin detenerse.",41
naturaleza-01-14,naturaleza-01,naturaleza,train,"En la plaza, Elena escuchó cantar al río a las diez. La melodía cambiaba cada vez que alguien arrojaba basura al agua. Aprendió a recoger lo que encontraba en la orilla. Un día el río pudo terminar la canción sin detenerse.",41
naturaleza-01-15,naturaleza-01,naturaleza,train,"En la plaza, Simón escuchó cantar al río a medianoche. La melodía cambiaba cada vez que alguien arrojaba basura al agua. Aprendió a recoger lo que encontraba en la orilla. Un día el río pudo terminar la canción sin detenerse.",40
naturaleza-02-00,naturaleza-02,naturaleza,train,"Ana siguió una mariposa hasta el pueblo. A las seis, el insecto se posó sobre una piedra y perdió sus colores. Al tocarla, la piedra comenzó a volar. Desde entonces, nadie volvió a llamar inmóvil a una montaña.",38
naturaleza-02-01,naturaleza-02,naturaleza,train,"Luis siguió una mariposa hasta el pueblo. A las diez, el insecto se posó sobre una piedra y perdió sus colores. Al tocarla, la piedra comenzó a volar. Desde entonces, nadie volvió a llamar inmóvil a una montaña.",38
naturaleza-02-02,naturaleza-02,naturaleza,train,"Luz siguió una mariposa hasta el pueblo. A medianoche, el insecto se posó sobre una piedra y perdió sus colores. Al tocarla, la piedra comenzó a volar. Desde entonces, nadie volvió a llamar inmóvil a una montaña.",37
naturaleza-02-03,naturaleza-02,naturaleza,train,"Daniel siguió una mariposa hasta el pueblo. A mediodía, el insecto se posó sobre una piedra y perdió sus colores. Al tocarla, la piedra comenzó a volar. Desde entonces, nadie volvió a llamar inmóvil a una montaña.",37
naturaleza-02-04,naturaleza-02,naturaleza,train,"Sara siguió una mariposa hasta la estación. A las seis, el insecto se posó sobre una piedra y perdió sus colores. Al tocarla, la piedra comenzó a volar. Desde entonces, nadie volvió a llamar inmóvil a una montaña.",38
naturaleza-02-05,naturaleza-02,naturaleza,train,"Tomás siguió una mariposa hasta la estación. A las diez, el insecto se posó sobre una piedra y perdió sus colores. Al tocarla, la piedra comenzó a volar. Desde entonces, nadie volvió a llamar inmóvil a una montaña.",38
naturaleza-02-06,naturaleza-02,naturaleza,train,"Elena siguió una mariposa hasta la estación. A medianoche, el insecto se posó sobre una piedra y perdió sus colores. Al tocarla, la piedra comenzó a volar. Desde entonces, nadie volvió a llamar inmóvil a una montaña.",37
naturaleza-02-07,naturaleza-02,naturaleza,train,"Simón siguió una mariposa hasta la estación. A mediodía, el insecto se posó sobre una piedra y perdió sus colores. Al tocarla, la piedra comenzó a volar. Desde entonces, nadie volvió a llamar inmóvil a una montaña.",37
naturaleza-02-08,naturaleza-02,naturaleza,train,"Ana siguió una mariposa hasta la plaza. A las seis, el insecto se posó sobre una piedra y perdió sus colores. Al tocarla, la piedra comenzó a volar. Desde entonces, nadie volvió a llamar inmóvil a una montaña.",38
naturaleza-02-09,naturaleza-02,naturaleza,train,"Luis siguió una mariposa hasta la plaza. A las diez, el insecto se posó sobre una piedra y perdió sus colores. Al tocarla, la piedra comenzó a volar. Desde entonces, nadie volvió a llamar inmóvil a una montaña.",38
naturaleza-02-10,naturaleza-02,naturaleza,train,"Luz siguió una mariposa hasta la plaza. A medianoche, el insecto se posó sobre una piedra y perdió sus colores. Al tocarla, la piedra comenzó a volar. Desde entonces, nadie volvió a llamar inmóvil a una montaña.",37
naturaleza-02-11,naturaleza-02,naturaleza,train,"Daniel siguió una mariposa hasta la plaza. A mediodía, el insecto se posó sobre una piedra y perdió sus colores. Al tocarla, la piedra comenzó a volar. Desde entonces, nadie volvió a llamar inmóvil a una montaña.",37
naturaleza-02-12,naturaleza-02,naturaleza,train,"Sara siguió una mariposa hasta el parque. A las seis, el insecto se posó sobre una piedra y perdió sus colores. Al tocarla, la piedra comenzó a volar. Desde entonces, nadie volvió a llamar inmóvil a una montaña.",38
naturaleza-02-13,naturaleza-02,naturaleza,train,"Tomás siguió una mariposa hasta el parque. A las diez, el insecto se posó sobre una piedra y perdió sus colores. Al tocarla, la piedra comenzó a volar. Desde entonces, nadie volvió a llamar inmóvil a una montaña.",38
naturaleza-02-14,naturaleza-02,naturaleza,train,"Elena siguió una mariposa hasta el parque. A medianoche, el insecto se posó sobre una piedra y perdió sus colores. Al tocarla, la piedra comenzó a volar. Desde entonces, nadie volvió a llamar inmóvil a una montaña.",37
naturaleza-02-15,naturaleza-02,naturaleza,train,"Simón siguió una mariposa hasta el parque. A mediodía, el insecto se posó sobre una piedra y perdió sus colores. Al tocarla, la piedra comenzó a volar. Desde entonces, nadie volvió a llamar inmóvil a una montaña.",37
naturaleza-03-00,naturaleza-03,naturaleza,train,"A las diez, Ana encontró un nido vacío en la estación. Puso dentro una carta para las aves que se habían ido. En primavera recibió una pluma. No pudo leer la respuesta, pero dejó abierta la ventana durante todo el verano.",41
naturaleza-03-01,naturaleza-03,naturaleza,train,"A medianoche, Luis encontró un nido vacío en la estación. Puso dentro una carta para las aves que se habían ido. En primavera recibió una pluma. No pudo leer la respuesta, pero dejó abierta la ventana durante todo el verano.",40
naturaleza-03-02,naturaleza-03,naturaleza,train,"A mediodía, Luz encontró un nido vacío en la estación. Puso dentro una carta para las aves que se habían ido. En primavera recibió una pluma. No pudo leer la respuesta, pero dejó abierta la ventana durante todo el verano.",40
naturaleza-03-03,naturaleza-03,naturaleza,train,"A las seis, Daniel encontró un nido vacío en la estación. Puso dentro una carta para las aves que se habían ido. En primavera recibió una pluma. No pudo leer la respuesta, pero dejó abierta la ventana durante todo el verano.",41
naturaleza-03-04,naturaleza-03,naturaleza,train,"A las diez, Sara encontró un nido vacío en la plaza. Puso dentro una carta para las aves que se habían ido. En primavera recibió una pluma. No pudo leer la respuesta, pero dejó abierta la ventana durante todo el verano.",41
naturaleza-03-05,naturaleza-03,naturaleza,train,"A medianoche, Tomás encontró un nido vacío en la plaza. Puso dentro una carta para las aves que se habían ido. En primavera recibió una pluma. No pudo leer la respuesta, pero dejó abierta la ventana durante todo el verano.",40
naturaleza-03-06,naturaleza-03,naturaleza,train,"A mediodía, Elena encontró un nido vacío en la plaza. Puso dentro una carta para las aves que se habían ido. En primavera recibió una pluma. No pudo leer la respuesta, pero dejó abierta la ventana durante todo el verano.",40
naturaleza-03-07,naturaleza-03,naturaleza,train,"A las seis, Simón encontró un nido vacío en la plaza. Puso dentro una carta para las aves que se habían ido. En primavera recibió una pluma. No pudo leer la respuesta, pero dejó abierta la ventana durante todo el verano.",41
naturaleza-03-08,naturaleza-03,naturaleza,train,"A las diez, Ana encontró un nido vacío en el parque. Puso dentro una carta para las aves que se habían ido. En primavera recibió una pluma. No pudo leer la respuesta, pero dejó abierta la ventana durante todo el verano.",41
naturaleza-03-09,naturaleza-03,naturaleza,train,"A medianoche, Luis encontró un nido vacío en el parque. Puso dentro una carta para las aves que se habían ido. En primavera recibió una pluma. No pudo leer la respuesta, pero dejó abierta la ventana durante todo el verano.",40
naturaleza-03-10,naturaleza-03,naturaleza,train,"A mediodía, Luz encontró un nido vacío en el parque. Puso dentro una carta para las aves que se habían ido. En primavera recibió una pluma. No pudo leer la respuesta, pero dejó abierta la ventana durante todo el verano.",40
naturaleza-03-11,naturaleza-03,naturaleza,train,"A las seis, Daniel encontró un nido vacío en el parque. Puso dentro una carta para las aves que se habían ido. En primavera recibió una pluma. No pudo leer la respuesta, pero dejó abierta la ventana durante todo el verano.",41
naturaleza-03-12,naturaleza-03,naturaleza,train,"A las diez, Sara encontró un nido vacío en el pueblo. Puso dentro una carta para las aves que se habían ido. En primavera recibió una pluma. No pudo leer la respuesta, pero dejó abierta la ventana durante todo el verano.",41
naturaleza-03-13,naturaleza-03,naturaleza,train,"A medianoche, Tomás encontró un nido vacío en el pueblo. Puso dentro una carta para las aves que se habían ido. En primavera recibió una pluma. No pudo leer la respuesta, pero dejó abierta la ventana durante todo el verano.",40
naturaleza-03-14,naturaleza-03,naturaleza,train,"A mediodía, Elena encontró un nido vacío en el pueblo. Puso dentro una carta para las aves que se habían ido. En primavera recibió una pluma. No pudo leer la respuesta, pero dejó abierta la ventana durante todo el verano.",40
naturaleza-03-15,naturaleza-03,naturaleza,train,"A las seis, Simón encontró un nido vacío en el pueblo. Puso dentro una carta para las aves que se habían ido. En primavera recibió una pluma. No pudo leer la respuesta, pero dejó abierta la ventana durante todo el verano.",41
naturaleza-04-00,naturaleza-04,naturaleza,train,"Ana cuidaba el último árbol de la plaza. Cada día, a medianoche, le contaba una historia. Cuando llegaron a cortarlo, sus raíces rodeaban todas las casas del barrio. Nadie supo dónde terminaba el árbol ni dónde empezaba su propio hogar.",40
naturaleza-04-01,naturaleza-04,naturaleza,train,"Luis cuidaba el último árbol de la plaza. Cada día, a mediodía, le contaba una historia. Cuando llegaron a cortarlo, sus raíces rodeaban todas las casas del barrio. Nadie supo dónde terminaba el árbol ni dónde empezaba su propio hogar.",40
naturaleza-04-02,naturaleza-04,naturaleza,train,"Luz cuidaba el último árbol de la plaza. Cada día, a las seis, le contaba una historia. Cuando llegaron a cortarlo, sus raíces rodeaban todas las casas del barrio. Nadie supo dónde terminaba el árbol ni dónde empezaba su propio hogar.",41
naturaleza-04-03,naturaleza-04,naturaleza,train,"Daniel cuidaba el último árbol de la plaza. Cada día, a las diez, le contaba una historia. Cuando llegaron a cortarlo, sus raíces rodeaban todas las casas del barrio. Nadie supo dónde terminaba el árbol ni dónde empezaba su propio hogar.",41
naturaleza-04-04,naturaleza-04,naturaleza,train,"Sara cuidaba el último árbol de el parque. Cada día, a medianoche, le contaba una historia. Cuando llegaron a cortarlo, sus raíces rodeaban todas las casas del barrio. Nadie supo dónde terminaba el árbol ni dónde empezaba su propio hogar.",40
naturaleza-04-05,naturaleza-04,naturaleza,train,"Tomás cuidaba el último árbol de el parque. Cada día, a mediodía, le contaba una historia. Cuando llegaron a cortarlo, sus raíces rodeaban todas las casas del barrio. Nadie supo dónde terminaba el árbol ni dónde empezaba su propio hogar.",40
naturaleza-04-06,naturaleza-04,naturaleza,train,"Elena cuidaba el último árbol de el parque. Cada día, a las seis, le contaba una historia. Cuando llegaron a cortarlo, sus raíces rodeaban todas las casas del barrio. Nadie supo dónde terminaba el árbol ni dónde empezaba su propio hogar.",41
naturaleza-04-07,naturaleza-04,naturaleza,train,"Simón cuidaba el último árbol de el parque. Cada día, a las diez, le contaba una historia. Cuando llegaron a cortarlo, sus raíces rodeaban todas las casas del barrio. Nadie supo dónde terminaba el árbol ni dónde empezaba su propio hogar.",41
naturaleza-04-08,naturaleza-04,naturaleza,train,"Ana cuidaba el último árbol de el pueblo. Cada día, a medianoche, le contaba una historia. Cuando llegaron a cortarlo, sus raíces rodeaban todas las casas del barrio. Nadie supo dónde terminaba el árbol ni dónde empezaba su propio hogar.",40
naturaleza-04-09,naturaleza-04,naturaleza,train,"Luis cuidaba el último árbol de el pueblo. Cada día, a mediodía, le contaba una historia. Cuando llegaron a cortarlo, sus raíces rodeaban todas las casas del barrio. Nadie supo dónde terminaba el árbol ni dónde empezaba su propio hogar.",40
naturaleza-04-10,naturaleza-04,naturaleza,train,"Luz cuidaba el último árbol de el pueblo. Cada día, a las seis, le contaba una historia. Cuando llegaron a cortarlo, sus raíces rodeaban todas las casas del barrio. Nadie supo dónde terminaba el árbol ni dónde empezaba su propio hogar.",41
naturaleza-04-11,naturaleza-04,naturaleza,train,"Daniel cuidaba el último árbol de el pueblo. Cada día, a las diez, le contaba una historia. Cuando llegaron a cortarlo, sus raíces rodeaban todas las casas del barrio. Nadie supo dónde terminaba el árbol ni dónde empezaba su propio hogar.",41
naturaleza-04-12,naturaleza-04,naturaleza,train,"Sara cuidaba el último árbol de la estación. Cada día, a medianoche, le contaba una historia. Cuando llegaron a cortarlo, sus raíces rodeaban todas las casas del barrio. Nadie supo dónde terminaba el árbol ni dónde empezaba su propio hogar.",40
naturaleza-04-13,naturaleza-04,naturaleza,train,"Tomás cuidaba el último árbol de la estación. Cada día, a mediodía, le contaba una historia. Cuando llegaron a cortarlo, sus raíces rodeaban todas las casas del barrio. Nadie supo dónde terminaba el árbol ni dónde empezaba su propio hogar.",40
naturaleza-04-14,naturaleza-04,naturaleza,train,"Elena cuidaba el último árbol de la estación. Cada día, a las seis, le contaba una historia. Cuando llegaron a cortarlo, sus raíces rodeaban todas las casas del barrio. Nadie supo dónde terminaba el árbol ni dónde empezaba su propio hogar.",41
naturaleza-04-15,naturaleza-04,naturaleza,train,"Simón cuidaba el último árbol de la estación. Cada día, a las diez, le contaba una historia. Cuando llegaron a cortarlo, sus raíces rodeaban todas las casas del barrio. Nadie supo dónde terminaba el árbol ni dónde empezaba su propio hogar.",41
naturaleza-05-00,naturaleza-05,naturaleza,test,"En el parque, las flores abrían solo cuando alguien escuchaba. Ana llegó a mediodía con muchas cosas que decir. Esperó frente a una rama cerrada hasta quedarse sin palabras. Entonces vio un color que no aparecía en ningún jardín.",39
naturaleza-05-01,naturaleza-05,naturaleza,test,"En el parque, las flores abrían solo cuando alguien escuchaba. Luis llegó a las seis con muchas cosas que decir. Esperó frente a una rama cerrada hasta quedarse sin palabras. Entonces vio un color que no aparecía en ningún jardín.",40
naturaleza-05-02,naturaleza-05,naturaleza,test,"En el parque, las flores abrían solo cuando alguien escuchaba. Luz llegó a las diez con muchas cosas que decir. Esperó frente a una rama cerrada hasta quedarse sin palabras. Entonces vio un color que no aparecía en ningún jardín.",40
naturaleza-05-03,naturaleza-05,naturaleza,test,"En el parque, las flores abrían solo cuando alguien escuchaba. Daniel llegó a medianoche con muchas cosas que decir. Esperó frente a una rama cerrada hasta quedarse sin palabras. Entonces vio un color que no aparecía en ningún jardín.",39
naturaleza-05-04,naturaleza-05,naturaleza,test,"En el pueblo, las flores abrían solo cuando alguien escuchaba. Sara llegó a mediodía con muchas cosas que decir. Esperó frente a una rama cerrada hasta quedarse sin palabras. Entonces vio un color que no aparecía en ningún jardín.",39
naturaleza-05-05,naturaleza-05,naturaleza,test,"En el pueblo, las flores abrían solo cuando alguien escuchaba. Tomás llegó a las seis con muchas cosas que decir. Esperó frente a una rama cerrada hasta quedarse sin palabras. Entonces vio un color que no aparecía en ningún jardín.",40
naturaleza-05-06,naturaleza-05,naturaleza,test,"En el pueblo, las flores abrían solo cuando alguien escuchaba. Elena llegó a las diez con muchas cosas que decir. Esperó frente a una rama cerrada hasta quedarse sin palabras. Entonces vio un color que no aparecía en ningún jardín.",40
naturaleza-05-07,naturaleza-05,naturaleza,test,"En el pueblo, las flores abrían solo cuando alguien escuchaba. Simón llegó a medianoche con muchas cosas que decir. Esperó frente a una rama cerrada hasta quedarse sin palabras. Entonces vio un color que no aparecía en ningún jardín.",39
naturaleza-05-08,naturaleza-05,naturaleza,test,"En la estación, las flores abrían solo cuando alguien escuchaba. Ana llegó a mediodía con muchas cosas que decir. Esperó frente a una rama cerrada hasta quedarse sin palabras. Entonces vio un color que no aparecía en ningún jardín.",39
naturaleza-05-09,naturaleza-05,naturaleza,test,"En la estación, las flores abrían solo cuando alguien escuchaba. Luis llegó a las seis con muchas cosas que decir. Esperó frente a una rama cerrada hasta quedarse sin palabras. Entonces vio un color que no aparecía en ningún jardín.",40
naturaleza-05-10,naturaleza-05,naturaleza,test,"En la estación, las flores abrían solo cuando alguien escuchaba. Luz llegó a las diez con muchas cosas que decir. Esperó frente a una rama cerrada hasta quedarse sin palabras. Entonces vio un color que no aparecía en ningún jardín.",40
naturaleza-05-11,naturaleza-05,naturaleza,test,"En la estación, las flores abrían solo cuando alguien escuchaba. Daniel llegó a medianoche con muchas cosas que decir. Esperó frente a una rama cerrada hasta quedarse sin palabras. Entonces vio un color que no aparecía en ningún jardín.",39
naturaleza-05-12,naturaleza-05,naturaleza,test,"En la plaza, las flores abrían solo cuando alguien escuchaba. Sara llegó a mediodía con muchas cosas que decir. Esperó frente a una rama cerrada hasta quedarse sin palabras. Entonces vio un color que no aparecía en ningún jardín.",39
naturaleza-05-13,naturaleza-05,naturaleza,test,"En la plaza, las flores abrían solo cuando alguien escuchaba. Tomás llegó a las seis con muchas cosas que decir. Esperó frente a una rama cerrada hasta quedarse sin palabras. Entonces vio un color que no aparecía en ningún jardín.",40
naturaleza-05-14,naturaleza-05,naturaleza,test,"En la plaza, las flores abrían solo cuando alguien escuchaba. Elena llegó a las diez con muchas cosas que decir. Esperó frente a una rama cerrada hasta quedarse sin palabras. Entonces vio un color que no aparecía en ningún jardín.",40
naturaleza-05-15,naturaleza-05,naturaleza,test,"En la plaza, las flores abrían solo cuando alguien escuchaba. Simón llegó a medianoche con muchas cosas que decir. Esperó frente a una rama cerrada hasta quedarse sin palabras. Entonces vio un color que no aparecía en ningún jardín.",39
naturaleza-06-00,naturaleza-06,naturaleza,train,"Ana encontró una piedra tibia en el pueblo. A las seis, la piedra comenzó a latir. La devolvió al río con cuidado. Esa noche, después de muchos años de sequía, el agua regresó despacio, como si acabara de despertar de un sueño.",42
naturaleza-06-01,naturaleza-06,naturaleza,train,"Luis encontró una piedra tibia en el pueblo. A las diez, la piedra comenzó a latir. La devolvió al río con cuidado. Esa noche, después de muchos años de sequía, el agua regresó despacio, como si acabara de despertar de un sueño.",42
naturaleza-06-02,naturaleza-06,naturaleza,train,"Luz encontró una piedra tibia en el pueblo. A medianoche, la piedra comenzó a latir. La devolvió al río con cuidado. Esa noche, después de muchos años de sequía, el agua regresó despacio, como si acabara de despertar de un sueño.",41
naturaleza-06-03,naturaleza-06,naturaleza,train,"Daniel encontró una piedra tibia en el pueblo. A mediodía, la piedra comenzó a latir. La devolvió al río con cuidado. Esa noche, después de muchos años de sequía, el agua regresó despacio, como si acabara de despertar de un sueño.",41
naturaleza-06-04,naturaleza-06,naturaleza,train,"Sara encontró una piedra tibia en la estación. A las seis, la piedra comenzó a latir. La devolvió al río con cuidado. Esa noche, después de muchos años de sequía, el agua regresó despacio, como si acabara de despertar de un sueño.",42
naturaleza-06-05,naturaleza-06,naturaleza,train,"Tomás encontró una piedra tibia en la estación. A las diez, la piedra comenzó a latir. La devolvió al río con cuidado. Esa noche, después de muchos años de sequía, el agua regresó despacio, como si acabara de despertar de un sueño.",42
naturaleza-06-06,naturaleza-06,naturaleza,train,"Elena encontró una piedra tibia en la estación. A medianoche, la piedra comenzó a latir. La devolvió al río con cuidado. Esa noche, después de muchos años de sequía, el agua regresó despacio, como si acabara de despertar de un sueño.",41
naturaleza-06-07,naturaleza-06,naturaleza,train,"Simón encontró una piedra tibia en la estación. A mediodía, la piedra comenzó a latir. La devolvió al río con cuidado. Esa noche, después de muchos años de sequía, el agua regresó despacio, como si acabara de despertar de un sueño.",41
naturaleza-06-08,naturaleza-06,naturaleza,train,"Ana encontró una piedra tibia en la plaza. A las seis, la piedra comenzó a latir. La devolvió al río con cuidado. Esa noche, después de muchos años de sequía, el agua regresó despacio, como si acabara de despertar de un sueño.",42
naturaleza-06-09,naturaleza-06,naturaleza,train,"Luis encontró una piedra tibia en la plaza. A las diez, la piedra comenzó a latir. La devolvió al río con cuidado. Esa noche, después de muchos años de sequía, el agua regresó despacio, como si acabara de despertar de un sueño.",42
naturaleza-06-10,naturaleza-06,naturaleza,train,"Luz encontró una piedra tibia en la plaza. A medianoche, la piedra comenzó a latir. La devolvió al río con cuidado. Esa noche, después de muchos años de sequía, el agua regresó despacio, como si acabara de despertar de un sueño.",41
naturaleza-06-11,naturaleza-06,naturaleza,train,"Daniel encontró una piedra tibia en la plaza. A mediodía, la piedra comenzó a latir. La devolvió al río con cuidado. Esa noche, después de muchos años de sequía, el agua regresó despacio, como si acabara de despertar de un sueño.",41
naturaleza-06-12,naturaleza-06,naturaleza,train,"Sara encontró una piedra tibia en el parque. A las seis, la piedra comenzó a latir. La devolvió al río con cuidado. Esa noche, después de muchos años de sequía, el agua regresó despacio, como si acabara de despertar de un sueño.",42
naturaleza-06-13,naturaleza-06,naturaleza,train,"Tomás encontró una piedra tibia en el parque. A las diez, la piedra comenzó a latir. La devolvió al río con cuidado. Esa noche, después de muchos años de sequía, el agua regresó despacio, como si acabara de despertar de un sueño.",42
naturaleza-06-14,naturaleza-06,naturaleza,train,"Elena encontró una piedra tibia en el parque. A medianoche, la piedra comenzó a latir. La devolvió al río con cuidado. Esa noche, después de muchos años de sequía, el agua regresó despacio, como si acabara de despertar de un sueño.",41
naturaleza-06-15,naturaleza-06,naturaleza,train,"Simón encontró una piedra tibia en el parque. A mediodía, la piedra comenzó a latir. La devolvió al río con cuidado. Esa noche, después de muchos años de sequía, el agua regresó despacio, como si acabara de despertar de un sueño.",41
naturaleza-07-00,naturaleza-07,naturaleza,train,"A las diez, Ana quiso fotografiar el bosque de la estación. Todas las imágenes mostraban un terreno vacío. Bajó la cámara y miró entre los árboles. El bosque estaba allí, pero había aprendido a esconderse de quienes solo querían llevárselo.",40
naturaleza-07-01,naturaleza-07,naturaleza,train,"A medianoche, Luis quiso fotografiar el bosque de la estación. Todas las imágenes mostraban un terreno vacío. Bajó la cámara y miró entre los árboles. El bosque estaba allí, pero había aprendido a esconderse de quienes solo querían llevárselo.",39
naturaleza-07-02,naturaleza-07,naturaleza,train,"A mediodía, Luz quiso fotografiar el bosque de la estación. Todas las imágenes mostraban un terreno vacío. Bajó la cámara y miró entre los árboles. El bosque estaba allí, pero había aprendido a esconderse de quienes solo querían llevárselo.",39
naturaleza-07-03,naturaleza-07,naturaleza,train,"A las seis, Daniel quiso fotografiar el bosque de la estación. Todas las imágenes mostraban un terreno vacío. Bajó la cámara y miró entre los árboles. El bosque estaba allí, pero había aprendido a esconderse de quienes solo querían llevárselo.",40
naturaleza-07-04,naturaleza-07,naturaleza,train,"A las diez, Sara quiso fotografiar el bosque de la plaza. Todas las imágenes mostraban un terreno vacío. Bajó la cámara y miró entre los árboles. El bosque estaba allí, pero había aprendido a esconderse de quienes solo querían llevárselo.",40
naturaleza-07-05,naturaleza-07,naturaleza,train,"A medianoche, Tomás quiso fotografiar el bosque de la plaza. Todas las imágenes mostraban un terreno vacío. Bajó la cámara y miró entre los árboles. El bosque estaba allí, pero había aprendido a esconderse de quienes solo querían llevárselo.",39
naturaleza-07-06,naturaleza-07,naturaleza,train,"A mediodía, Elena quiso fotografiar el bosque de la plaza. Todas las imágenes mostraban un terreno vacío. Bajó la cámara y miró entre los árboles. El bosque estaba allí, pero había aprendido a esconderse de quienes solo querían llevárselo.",39
naturaleza-07-07,naturaleza-07,naturaleza,train,"A las seis, Simón quiso fotografiar el bosque de la plaza. Todas las imágenes mostraban un terreno vacío. Bajó la cámara y miró entre los árboles. El bosque estaba allí, pero había aprendido a esconderse de quienes solo querían llevárselo.",40
naturaleza-07-08,naturaleza-07,naturaleza,train,"A las diez, Ana quiso fotografiar el bosque de el parque. Todas las imágenes mostraban un terreno vacío. Bajó la cámara y miró entre los árboles. El bosque estaba allí, pero había aprendido a esconderse de quienes solo querían llevárselo.",40
naturaleza-07-09,naturaleza-07,naturaleza,train,"A medianoche, Luis quiso fotografiar el bosque de el parque. Todas las imágenes mostraban un terreno vacío. Bajó la cámara y miró entre los árboles. El bosque estaba allí, pero había aprendido a esconderse de quienes solo querían llevárselo.",39
naturaleza-07-10,naturaleza-07,naturaleza,train,"A mediodía, Luz quiso fotografiar el bosque de el parque. Todas las imágenes mostraban un terreno vacío. Bajó la cámara y miró entre los árboles. El bosque estaba allí, pero había aprendido a esconderse de quienes solo querían llevárselo.",39
naturaleza-07-11,naturaleza-07,naturaleza,train,"A las seis, Daniel quiso fotografiar el bosque de el parque. Todas las imágenes mostraban un terreno vacío. Bajó la cámara y miró entre los árboles. El bosque estaba allí, pero había aprendido a esconderse de quienes solo querían llevárselo.",40
naturaleza-07-12,naturaleza-07,naturaleza,train,"A las diez, Sara quiso fotografiar el bosque de el pueblo. Todas las imágenes mostraban un terreno vacío. Bajó la cámara y miró entre los árboles. El bosque estaba allí, pero había aprendido a esconderse de quienes solo querían llevárselo.",40
naturaleza-07-13,naturaleza-07,naturaleza,train,"A medianoche, Tomás quiso fotografiar el bosque de el pueblo. Todas las imágenes mostraban un terreno vacío. Bajó la cámara y miró entre los árboles. El bosque estaba allí, pero había aprendido a esconderse de quienes solo querían llevárselo.",39
naturaleza-07-14,naturaleza-07,naturaleza,train,"A mediodía, Elena quiso fotografiar el bosque de el pueblo. Todas las imágenes mostraban un terreno vacío. Bajó la cámara y miró entre los árboles. El bosque estaba allí, pero había aprendido a esconderse de quienes solo querían llevárselo.",39
naturaleza-07-15,naturaleza-07,naturaleza,train,"A las seis, Simón quiso fotografiar el bosque de el pueblo. Todas las imágenes mostraban un terreno vacío. Bajó la cámara y miró entre los árboles. El bosque estaba allí, pero había aprendido a esconderse de quienes solo querían llevárselo.",40
naturaleza-08-00,naturaleza-08,naturaleza,test,"En la plaza, Ana siguió las huellas de un animal a medianoche. Cada paso parecía más pequeño que el anterior. Al final encontró una semilla en la tierra. La dejó crecer sin preguntarle de dónde venía ni hacia dónde pensaba ir.",41
naturaleza-08-01,naturaleza-08,naturaleza,test,"En la plaza, Luis siguió las huellas de un animal a mediodía. Cada paso parecía más pequeño que el anterior. Al final encontró una semilla en la tierra. La dejó crecer sin preguntarle de dónde venía ni hacia dónde pensaba ir.",41
naturaleza-08-02,naturaleza-08,naturaleza,test,"En la plaza, Luz siguió las huellas de un animal a las seis. Cada paso parecía más pequeño que el anterior. Al final encontró una semilla en la tierra. La dejó crecer sin preguntarle de dónde venía ni hacia dónde pensaba ir.",42
naturaleza-08-03,naturaleza-08,naturaleza,test,"En la plaza, Daniel siguió las huellas de un animal a las diez. Cada paso parecía más pequeño que el anterior. Al final encontró una semilla en la tierra. La dejó crecer sin preguntarle de dónde venía ni hacia dónde pensaba ir.",42
naturaleza-08-04,naturaleza-08,naturaleza,test,"En el parque, Sara siguió las huellas de un animal a medianoche. Cada paso parecía más pequeño que el anterior. Al final encontró una semilla en la tierra. La dejó crecer sin preguntarle de dónde venía ni hacia dónde pensaba ir.",41
naturaleza-08-05,naturaleza-08,naturaleza,test,"En el parque, Tomás siguió las huellas de un animal a mediodía. Cada paso parecía más pequeño que el anterior. Al final encontró una semilla en la tierra. La dejó crecer sin preguntarle de dónde venía ni hacia dónde pensaba ir.",41
naturaleza-08-06,naturaleza-08,naturaleza,test,"En el parque, Elena siguió las huellas de un animal a las seis. Cada paso parecía más pequeño que el anterior. Al final encontró una semilla en la tierra. La dejó crecer sin preguntarle de dónde venía ni hacia dónde pensaba ir.",42
naturaleza-08-07,naturaleza-08,naturaleza,test,"En el parque, Simón siguió las huellas de un animal a las diez. Cada paso parecía más pequeño que el anterior. Al final encontró una semilla en la tierra. La dejó crecer sin preguntarle de dónde venía ni hacia dónde pensaba ir.",42
naturaleza-08-08,naturaleza-08,naturaleza,test,"En el pueblo, Ana siguió las huellas de un animal a medianoche. Cada paso parecía más pequeño que el anterior. Al final encontró una semilla en la tierra. La dejó crecer sin preguntarle de dónde venía ni hacia dónde pensaba ir.",41
naturaleza-08-09,naturaleza-08,naturaleza,test,"En el pueblo, Luis siguió las huellas de un animal a mediodía. Cada paso parecía más pequeño que el anterior. Al final encontró una semilla en la tierra. La dejó crecer sin preguntarle de dónde venía ni hacia dónde pensaba ir.",41
naturaleza-08-10,naturaleza-08,naturaleza,test,"En el pueblo, Luz siguió las huellas de un animal a las seis. Cada paso parecía más pequeño que el anterior. Al final encontró una semilla en la tierra. La dejó crecer sin preguntarle de dónde venía ni hacia dónde pensaba ir.",42
naturaleza-08-11,naturaleza-08,naturaleza,test,"En el pueblo, Daniel siguió las huellas de un animal a las diez. Cada paso parecía más pequeño que el anterior. Al final encontró una semilla en la tierra. La dejó crecer sin preguntarle de dónde venía ni hacia dónde pensaba ir.",42
naturaleza-08-12,naturaleza-08,naturaleza,test,"En la estación, Sara siguió las huellas de un animal a medianoche. Cada paso parecía más pequeño que el anterior. Al final encontró una semilla en la tierra. La dejó crecer sin preguntarle de dónde venía ni hacia dónde pensaba ir.",41
naturaleza-08-13,naturaleza-08,naturaleza,test,"En la estación, Tomás siguió las huellas de un animal a mediodía. Cada paso parecía más pequeño que el anterior. Al final encontró una semilla en la tierra. La dejó crecer sin preguntarle de dónde venía ni hacia dónde pensaba ir.",41
naturaleza-08-14,naturaleza-08,naturaleza,test,"En la estación, Elena siguió las huellas de un animal a las seis. Cada paso parecía más pequeño que el anterior. Al final encontró una semilla en la tierra. La dejó crecer sin preguntarle de dónde venía ni hacia dónde pensaba ir.",42
naturaleza-08-15,naturaleza-08,naturaleza,test,"En la estación, Simón siguió las huellas de un animal a las diez. Cada paso parecía más pequeño que el anterior. Al final encontró una semilla en la tierra. La dejó crecer sin preguntarle de dónde venía ni hacia dónde pensaba ir.",42
naturaleza-09-00,naturaleza-09,naturaleza,train,"Ana recogió una hoja seca en el parque. A mediodía escuchó dentro de ella el sonido de la lluvia. La guardó para el verano. Cuando por fin llegó la sequía, abrió la mano y una pequeña nube cubrió todo el jardín.",41
naturaleza-09-01,naturaleza-09,naturaleza,train,"Luis recogió una hoja seca en el parque. A las seis escuchó dentro de ella el sonido de la lluvia. La guardó para el verano. Cuando por fin llegó la sequía, abrió la mano y una pequeña nube cubrió todo el jardín.",42
naturaleza-09-02,naturaleza-09,naturaleza,train,"Luz recogió una hoja seca en el parque. A las diez escuchó dentro de ella el sonido de la lluvia. La guardó para el verano. Cuando por fin llegó la sequía, abrió la mano y una pequeña nube cubrió todo el jardín.",42
naturaleza-09-03,naturaleza-09,naturaleza,train,"Daniel recogió una hoja seca en el parque. A medianoche escuchó dentro de ella el sonido de la lluvia. La guardó para el verano. Cuando por fin llegó la sequía, abrió la mano y una pequeña nube cubrió todo el jardín.",41
naturaleza-09-04,naturaleza-09,naturaleza,train,"Sara recogió una hoja seca en el pueblo. A mediodía escuchó dentro de ella el sonido de la lluvia. La guardó para el verano. Cuando por fin llegó la sequía, abrió la mano y una pequeña nube cubrió todo el jardín.",41
naturaleza-09-05,naturaleza-09,naturaleza,train,"Tomás recogió una hoja seca en el pueblo. A las seis escuchó dentro de ella el sonido de la lluvia. La guardó para el verano. Cuando por fin llegó la sequía, abrió la mano y una pequeña nube cubrió todo el jardín.",42
naturaleza-09-06,naturaleza-09,naturaleza,train,"Elena recogió una hoja seca en el pueblo. A las diez escuchó dentro de ella el sonido de la lluvia. La guardó para el verano. Cuando por fin llegó la sequía, abrió la mano y una pequeña nube cubrió todo el jardín.",42
naturaleza-09-07,naturaleza-09,naturaleza,train,"Simón recogió una hoja seca en el pueblo. A medianoche escuchó dentro de ella el sonido de la lluvia. La guardó para el verano. Cuando por fin llegó la sequía, abrió la mano y una pequeña nube cubrió todo el jardín.",41
naturaleza-09-08,naturaleza-09,naturaleza,train,"Ana recogió una hoja seca en la estación. A mediodía escuchó dentro de ella el sonido de la lluvia. La guardó para el verano. Cuando por fin llegó la sequía, abrió la mano y una pequeña nube cubrió todo el jardín.",41
naturaleza-09-09,naturaleza-09,naturaleza,train,"Luis recogió una hoja seca en la estación. A las seis escuchó dentro de ella el sonido de la lluvia. La guardó para el verano. Cuando por fin llegó la sequía, abrió la mano y una pequeña nube cubrió todo el jardín.",42
naturaleza-09-10,naturaleza-09,naturaleza,train,"Luz recogió una hoja seca en la estación. A las diez escuchó dentro de ella el sonido de la lluvia. La guardó para el verano. Cuando por fin llegó la sequía, abrió la mano y una pequeña nube cubrió todo el jardín.",42
naturaleza-09-11,naturaleza-09,naturaleza,train,"Daniel recogió una hoja seca en la estación. A medianoche escuchó dentro de ella el sonido de la lluvia. La guardó para el verano. Cuando por fin llegó la sequía, abrió la mano y una pequeña nube cubrió todo el jardín.",41
naturaleza-09-12,naturaleza-09,naturaleza,train,"Sara recogió una hoja seca en la plaza. A mediodía escuchó dentro de ella el sonido de la lluvia. La guardó para el verano. Cuando por fin llegó la sequía, abrió la mano y una pequeña nube cubrió todo el jardín.",41
naturaleza-09-13,naturaleza-09,naturaleza,train,"Tomás recogió una hoja seca en la plaza. A las seis escuchó dentro de ella el sonido de la lluvia. La guardó para el verano. Cuando por fin llegó la sequía, abrió la mano y una pequeña nube cubrió todo el jardín.",42
naturaleza-09-14,naturaleza-09,naturaleza,train,"Elena recogió una hoja seca en la plaza. A las diez escuchó dentro de ella el sonido de la lluvia. La guardó para el verano. Cuando por fin llegó la sequía, abrió la mano y una pequeña nube cubrió todo el jardín.",42
naturaleza-09-15,naturaleza-09,naturaleza,train,"Simón recogió una hoja seca en la plaza. A medianoche escuchó dentro de ella el sonido de la lluvia. La guardó para el verano. Cuando por fin llegó la sequía, abrió la mano y una pequeña nube cubrió todo el jardín.",41
naturaleza-10-00,naturaleza-10,naturaleza,val,"A las seis, Ana vio que las montañas de el pueblo cambiaban de posición. Pensó que se había perdido y esperó sin moverse. Al amanecer, una montaña volvió a su sitio. Solo había salido a buscar la sombra de un árbol.",41
naturaleza-10-01,naturaleza-10,naturaleza,val,"A las diez, Luis vio que las montañas de el pueblo cambiaban de posición. Pensó que se había perdido y esperó sin moverse. Al amanecer, una montaña volvió a su sitio. Solo había salido a buscar la sombra de un árbol.",41
naturaleza-10-02,naturaleza-10,naturaleza,val,"A medianoche, Luz vio que las montañas de el pueblo cambiaban de posición. Pensó que se había perdido y esperó sin moverse. Al amanecer, una montaña volvió a su sitio. Solo había salido a buscar la sombra de un árbol.",40
naturaleza-10-03,naturaleza-10,naturaleza,val,"A mediodía, Daniel vio que las montañas de el pueblo cambiaban de posición. Pensó que se había perdido y esperó sin moverse. Al amanecer, una montaña volvió a su sitio. Solo había salido a buscar la sombra de un árbol.",40
naturaleza-10-04,naturaleza-10,naturaleza,val,"A las seis, Sara vio que las montañas de la estación cambiaban de posición. Pensó que se había perdido y esperó sin moverse. Al amanecer, una montaña volvió a su sitio. Solo había salido a buscar la sombra de un árbol.",41
naturaleza-10-05,naturaleza-10,naturaleza,val,"A las diez, Tomás vio que las montañas de la estación cambiaban de posición. Pensó que se había perdido y esperó sin moverse. Al amanecer, una montaña volvió a su sitio. Solo había salido a buscar la sombra de un árbol.",41
naturaleza-10-06,naturaleza-10,naturaleza,val,"A medianoche, Elena vio que las montañas de la estación cambiaban de posición. Pensó que se había perdido y esperó sin moverse. Al amanecer, una montaña volvió a su sitio. Solo había salido a buscar la sombra de un árbol.",40
naturaleza-10-07,naturaleza-10,naturaleza,val,"A mediodía, Simón vio que las montañas de la estación cambiaban de posición. Pensó que se había perdido y esperó sin moverse. Al amanecer, una montaña volvió a su sitio. Solo había salido a buscar la sombra de un árbol.",40
naturaleza-10-08,naturaleza-10,naturaleza,val,"A las seis, Ana vio que las montañas de la plaza cambiaban de posición. Pensó que se había perdido y esperó sin moverse. Al amanecer, una montaña volvió a su sitio. Solo había salido a buscar la sombra de un árbol.",41
naturaleza-10-09,naturaleza-10,naturaleza,val,"A las diez, Luis vio que las montañas de la plaza cambiaban de posición. Pensó que se había perdido y esperó sin moverse. Al amanecer, una montaña volvió a su sitio. Solo había salido a buscar la sombra de un árbol.",41
naturaleza-10-10,naturaleza-10,naturaleza,val,"A medianoche, Luz vio que las montañas de la plaza cambiaban de posición. Pensó que se había perdido y esperó sin moverse. Al amanecer, una montaña volvió a su sitio. Solo había salido a buscar la sombra de un árbol.",40
naturaleza-10-11,naturaleza-10,naturaleza,val,"A mediodía, Daniel vio que las montañas de la plaza cambiaban de posición. Pensó que se había perdido y esperó sin moverse. Al amanecer, una montaña volvió a su sitio. Solo había salido a buscar la sombra de un árbol.",40
naturaleza-10-12,naturaleza-10,naturaleza,val,"A las seis, Sara vio que las montañas de el parque cambiaban de posición. Pensó que se había perdido y esperó sin moverse. Al amanecer, una montaña volvió a su sitio. Solo había salido a buscar la sombra de un árbol.",41
naturaleza-10-13,naturaleza-10,naturaleza,val,"A las diez, Tomás vio que las montañas de el parque cambiaban de posición. Pensó que se había perdido y esperó sin moverse. Al amanecer, una montaña volvió a su sitio. Solo había salido a buscar la sombra de un árbol.",41
naturaleza-10-14,naturaleza-10,naturaleza,val,"A medianoche, Elena vio que las montañas de el parque cambiaban de posición. Pensó que se había perdido y esperó sin moverse. Al amanecer, una montaña volvió a su sitio. Solo había salido a buscar la sombra de un árbol.",40
naturaleza-10-15,naturaleza-10,naturaleza,val,"A mediodía, Simón vio que las montañas de el parque cambiaban de posición. Pensó que se había perdido y esperó sin moverse. Al amanecer, una montaña volvió a su sitio. Solo había salido a buscar la sombra de un árbol.",40
naturaleza-11-00,naturaleza-11,naturaleza,train,"Ana plantó un jardín en la estación para recordar a alguien. A las diez, todas las flores miraron hacia la puerta. No llegó ninguna visita. Sin embargo, el viento dejó una silla tibia junto a la mesa y nadie quiso recogerla.",41
naturaleza-11-01,naturaleza-11,naturaleza,train,"Luis plantó un jardín en la estación para recordar a alguien. A medianoche, todas las flores miraron hacia la puerta. No llegó ninguna visita. Sin embargo, el viento dejó una silla tibia junto a la mesa y nadie quiso recogerla.",40
naturaleza-11-02,naturaleza-11,naturaleza,train,"Luz plantó un jardín en la estación para recordar a alguien. A mediodía, todas las flores miraron hacia la puerta. No llegó ninguna visita. Sin embargo, el viento dejó una silla tibia junto a la mesa y nadie quiso recogerla.",40
naturaleza-11-03,naturaleza-11,naturaleza,train,"Daniel plantó un jardín en la estación para recordar a alguien. A las seis, todas las flores miraron hacia la puerta. No llegó ninguna visita. Sin embargo, el viento dejó una silla tibia junto a la mesa y nadie quiso recogerla.",41
naturaleza-11-04,naturaleza-11,naturaleza,train,"Sara plantó un jardín en la plaza para recordar a alguien. A las diez, todas las flores miraron hacia la puerta. No llegó ninguna visita. Sin embargo, el viento dejó una silla tibia junto a la mesa y nadie quiso recogerla.",41
naturaleza-11-05,naturaleza-11,naturaleza,train,"Tomás plantó un jardín en la plaza para recordar a alguien. A medianoche, todas las flores miraron hacia la puerta. No llegó ninguna visita. Sin embargo, el viento dejó una silla tibia junto a la mesa y nadie quiso recogerla.",40
naturaleza-11-06,naturaleza-11,naturaleza,train,"Elena plantó un jardín en la plaza para recordar a alguien. A mediodía, todas las flores miraron hacia la puerta. No llegó ninguna visita. Sin embargo, el viento dejó una silla tibia junto a la mesa y nadie quiso recogerla.",40
naturaleza-11-07,naturaleza-11,naturaleza,train,"Simón plantó un jardín en la plaza para recordar a alguien. A las seis, todas las flores miraron hacia la puerta. No llegó ninguna visita. Sin embargo, el viento dejó una silla tibia junto a la mesa y nadie quiso recogerla.",41
naturaleza-11-08,naturaleza-11,naturaleza,train,"Ana plantó un jardín en el parque para recordar a alguien. A las diez, todas las flores miraron hacia la puerta. No llegó ninguna visita. Sin embargo, el viento dejó una silla tibia junto a la mesa y nadie quiso recogerla.",41
naturaleza-11-09,naturaleza-11,naturaleza,train,"Luis plantó un jardín en el parque para recordar a alguien. A medianoche, todas las flores miraron hacia la puerta. No llegó ninguna visita. Sin embargo, el viento dejó una silla tibia junto a la mesa y nadie quiso recogerla.",40
naturaleza-11-10,naturaleza-11,naturaleza,train,"Luz plantó un jardín en el parque para recordar a alguien. A mediodía, todas las flores miraron hacia la puerta. No llegó ninguna visita. Sin embargo, el viento dejó una silla tibia junto a la mesa y nadie quiso recogerla.",40
naturaleza-11-11,naturaleza-11,naturaleza,train,"Daniel plantó un jardín en el parque para recordar a alguien. A las seis, todas las flores miraron hacia la puerta. No llegó ninguna visita. Sin embargo, el viento dejó una silla tibia junto a la mesa y nadie quiso recogerla.",41
naturaleza-11-12,naturaleza-11,naturaleza,train,"Sara plantó un jardín en el pueblo para recordar a alguien. A las diez, todas las flores miraron hacia la puerta. No llegó ninguna visita. Sin embargo, el viento dejó una silla tibia junto a la mesa y nadie quiso recogerla.",41
naturaleza-11-13,naturaleza-11,naturaleza,train,"Tomás plantó un jardín en el pueblo para recordar a alguien. A medianoche, todas las flores miraron hacia la puerta. No llegó ninguna visita. Sin embargo, el viento dejó una silla tibia junto a la mesa y nadie quiso recogerla.",40
naturaleza-11-14,naturaleza-11,naturaleza,train,"Elena plantó un jardín en el pueblo para recordar a alguien. A mediodía, todas las flores miraron hacia la puerta. No llegó ninguna visita. Sin embargo, el viento dejó una silla tibia junto a la mesa y nadie quiso recogerla.",40
naturaleza-11-15,naturaleza-11,naturaleza,train,"Simón plantó un jardín en el pueblo para recordar a alguien. A las seis, todas las flores miraron hacia la puerta. No llegó ninguna visita. Sin embargo, el viento dejó una silla tibia junto a la mesa y nadie quiso recogerla.",41
tecnologia-00-00,tecnologia-00,tecnologia,train,"Ana encendió un robot en la plaza. A medianoche, la máquina hizo su primera pregunta: para qué sirve esperar. Nadie encontró una respuesta en el manual. Al día siguiente, el robot seguía junto a la puerta, cuidando una planta que aún no había nacido.",44
tecnologia-00-01,tecnologia-00,tecnologia,train,"Luis encendió un robot en la plaza. A mediodía, la máquina hizo su primera pregunta: para qué sirve esperar. Nadie encontró una respuesta en el manual. Al día siguiente, el robot seguía junto a la puerta, cuidando una planta que aún no había nacido.",44
tecnologia-00-02,tecnologia-00,tecnologia,train,"Luz encendió un robot en la plaza. A las seis, la máquina hizo su primera pregunta: para qué sirve esperar. Nadie encontró una respuesta en el manual. Al día siguiente, el robot seguía junto a la puerta, cuidando una planta que aún no había nacido.",45
tecnologia-00-03,tecnologia-00,tecnologia,train,"Daniel encendió un robot en la plaza. A las diez, la máquina hizo su primera pregunta: para qué sirve esperar. Nadie encontró una respuesta en el manual. Al día siguiente, el robot seguía junto a la puerta, cuidando una planta que aún no había nacido.",45
tecnologia-00-04,tecnologia-00,tecnologia,train,"Sara encendió un robot en el parque. A medianoche, la máquina hizo su primera pregunta: para qué sirve esperar. Nadie encontró una respuesta en el manual. Al día siguiente, el robot seguía junto a la puerta, cuidando una planta que aún no había nacido.",44
tecnologia-00-05,tecnologia-00,tecnologia,train,"Tomás encendió un robot en el parque. A mediodía, la máquina hizo su primera pregunta: para qué sirve esperar. Nadie encontró una respuesta en el manual. Al día siguiente, el robot seguía junto a la puerta, cuidando una planta que aún no había nacido.",44
tecnologia-00-06,tecnologia-00,tecnologia,train,"Elena encendió un robot en el parque. A las seis, la máquina hizo su primera pregunta: para qué sirve esperar. Nadie encontró una respuesta en el manual. Al día siguiente, el robot seguía junto a la puerta, cuidando una planta que aún no había nacido.",45
tecnologia-00-07,tecnologia-00,tecnologia,train,"Simón encendió un robot en el parque. A las diez, la máquina hizo su primera pregunta: para qué sirve esperar. Nadie encontró una respuesta en el manual. Al día siguiente, el robot seguía junto a la puerta, cuidando una planta que aún no había nacido.",45
tecnologia-00-08,tecnologia-00,tecnologia,train,"Ana encendió un robot en el pueblo. A medianoche, la máquina hizo su primera pregunta: para qué sirve esperar. Nadie encontró una respuesta en el manual. Al día siguiente, el robot seguía junto a la puerta, cuidando una planta que aún no había nacido.",44
tecnologia-00-09,tecnologia-00,tecnologia,train,"Luis encendió un robot en el pueblo. A mediodía, la máquina hizo su primera pregunta: para qué sirve esperar. Nadie encontró una respuesta en el manual. Al día siguiente, el robot seguía junto a la puerta, cuidando una planta que aún no había nacido.",44
tecnologia-00-10,tecnologia-00,tecnologia,train,"Luz encendió un robot en el pueblo. A las seis, la máquina hizo su primera pregunta: para qué sirve esperar. Nadie encontró una respuesta en el manual. Al día siguiente, el robot seguía junto a la puerta, cuidando una planta que aún no había nacido.",45
tecnologia-00-11,tecnologia-00,tecnologia,train,"Daniel encendió un robot en el pueblo. A las diez, la máquina hizo su primera pregunta: para qué sirve esperar. Nadie encontró una respuesta en el manual. Al día siguiente, el robot seguía junto a la puerta, cuidando una planta que aún no había nacido.",45
tecnologia-00-12,tecnologia-00,tecnologia,train,"Sara encendió un robot en la estación. A medianoche, la máquina hizo su primera pregunta: para qué sirve esperar. Nadie encontró una respuesta en el manual. Al día siguiente, el robot seguía junto a la puerta, cuidando una planta que aún no había nacido.",44
tecnologia-00-13,tecnologia-00,tecnologia,train,"Tomás encendió un robot en la estación. A mediodía, la máquina hizo su primera pregunta: para qué sirve esperar. Nadie encontró una respuesta en el manual. Al día siguiente, el robot seguía junto a la puerta, cuidando una planta que aún no había nacido.",44
tecnologia-00-14,tecnologia-00,tecnologia,train,"Elena encendió un robot en la estación. A las seis, la máquina hizo su primera pregunta: para qué sirve esperar. Nadie encontró una respuesta en el manual. Al día siguiente, el robot seguía junto a la puerta, cuidando una planta que aún no había nacido.",45
tecnologia-00-15,tecnologia-00,tecnologia,train,"Simón encendió un robot en la estación. A las diez, la máquina hizo su primera pregunta: para qué sirve esperar. Nadie encontró una respuesta en el manual. Al día siguiente, el robot seguía junto a la puerta, cuidando una planta que aún no había nacido.",45
tecnologia-01-00,tecnologia-01,tecnologia,val,"En el parque, Ana programó una máquina para escribir despedidas. A mediodía recibió un mensaje que decía hasta mañana. Revisó el código durante horas. No encontró ningún error, solo una línea en blanco que la máquina se negaba a completar.",40
tecnologia-01-01,tecnologia-01,tecnologia,val,"En el parque, Luis programó una máquina para escribir despedidas. A las seis recibió un mensaje que decía hasta mañana. Revisó el código durante horas. No encontró ningún error, solo una línea en blanco que la máquina se negaba a completar.",41
tecnologia-01-02,tecnologia-01,tecnologia,val,"En el parque, Luz programó una máquina para escribir despedidas. A las diez recibió un mensaje que decía hasta mañana. Revisó el código durante horas. No encontró ningún error, solo una línea en blanco que la máquina se negaba a completar.",41
tecnologia-01-03,tecnologia-01,tecnologia,val,"En el parque, Daniel programó una máquina para escribir despedidas. A medianoche recibió un mensaje que decía hasta mañana. Revisó el código durante horas. No encontró ningún error, solo una línea en blanco que la máquina se negaba a completar.",40
tecnologia-01-04,tecnologia-01,tecnologia,val,"En el pueblo, Sara programó una máquina para escribir despedidas. A mediodía recibió un mensaje que decía hasta mañana. Revisó el código durante horas. No encontró ningún error, solo una línea en blanco que la máquina se negaba a completar.",40
tecnologia-01-05,tecnologia-01,tecnologia,val,"En el pueblo, Tomás programó una máquina para escribir despedidas. A las seis recibió un mensaje que decía hasta mañana. Revisó el código durante horas. No encontró ningún error, solo una línea en blanco que la máquina se negaba a completar.",41
tecnologia-01-06,tecnologia-01,tecnologia,val,"En el pueblo, Elena programó una máquina para escribir despedidas. A las diez recibió un mensaje que decía hasta mañana. Revisó el código durante horas. No encontró ningún error, solo una línea en blanco que la máquina se negaba a completar.",41
tecnologia-01-07,tecnologia-01,tecnologia,val,"En el pueblo, Simón programó una máquina para escribir despedidas. A medianoche recibió un mensaje que decía hasta mañana. Revisó el código durante horas. No encontró ningún error, solo una línea en blanco que la máquina se negaba a completar.",40
tecnologia-01-08,tecnologia-01,tecnologia,val,"En la estación, Ana programó una máquina para escribir despedidas. A mediodía recibió un mensaje que decía hasta mañana. Revisó el código durante horas. No encontró ningún error, solo una línea en blanco que la máquina se negaba a completar.",40
tecnologia-01-09,tecnologia-01,tecnologia,val,"En la estación, Luis programó una máquina para escribir despedidas. A las seis recibió un mensaje que decía hasta mañana. Revisó el código durante horas. No encontró ningún error, solo una línea en blanco que la máquina se negaba a completar.",41
tecnologia-01-10,tecnologia-01,tecnologia,val,"En la estación, Luz programó una máquina para escribir despedidas. A las diez recibió un mensaje que decía hasta mañana. Revisó el código durante horas. No encontró ningún error, solo una línea en blanco que la máquina se negaba a completar.",41
tecnologia-01-11,tecnologia-01,tecnologia,val,"En la estación, Daniel programó una máquina para escribir despedidas. A medianoche recibió un mensaje que decía hasta mañana. Revisó el código durante horas. No encontró ningún error, solo una línea en blanco que la máquina se negaba a completar.",40
tecnologia-01-12,tecnologia-01,tecnologia,val,"En la plaza, Sara programó una máquina para escribir despedidas. A mediodía recibió un mensaje que decía hasta mañana. Revisó el código durante horas. No encontró ningún error, solo una línea en blanco que la máquina se negaba a completar.",40
tecnologia-01-13,tecnologia-01,tecnologia,val,"En la plaza, Tomás programó una máquina para escribir despedidas. A las seis recibió un mensaje que decía hasta mañana. Revisó el código durante horas. No encontró ningún error, solo una línea en blanco que la máquina se negaba a completar.",41
tecnologia-01-14,tecnologia-01,tecnologia,val,"En la plaza, Elena programó una máquina para escribir despedidas. A las diez recibió un mensaje que decía hasta mañana. Revisó el código durante horas. No encontró ningún error, solo una línea en blanco que la máquina se negaba a completar.",41
tecnologia-01-15,tecnologia-01,tecnologia,val,"En la plaza, Simón programó una máquina para escribir despedidas. A medianoche recibió un mensaje que decía hasta mañana. Revisó el código durante horas. No encontró ningún error, solo una línea en blanco que la máquina se negaba a completar.",40
tecnologia-02-00,tecnologia-02,tecnologia,train,"Ana perdió su teléfono en el pueblo. A las seis, el aparato llamó desde un número desconocido. Dijo que había encontrado un lugar sin señal y que pensaba quedarse. Desde entonces, las conversaciones de Ana terminaron cuando ya no quedaba nada por decir.",43
tecnologia-02-01,tecnologia-02,tecnologia,train,"Luis perdió su teléfono en el pueblo. A las diez, el aparato llamó desde un número desconocido. Dijo que había encontrado un lugar sin señal y que pensaba quedarse. Desde entonces, las conversaciones de Luis terminaron cuando ya no quedaba nada por decir.",43
tecnologia-02-02,tecnologia-02,tecnologia,train,"Luz perdió su teléfono en el pueblo. A medianoche, el aparato llamó desde un número desconocido. Dijo que había encontrado un lugar sin señal y que pensaba quedarse. Desde entonces, las conversaciones de Luz terminaron cuando ya no quedaba nada por decir.",42
tecnologia-02-03,tecnologia-02,tecnologia,train,"Daniel perdió su teléfono en el pueblo. A mediodía, el aparato llamó desde un número desconocido. Dijo que había encontrado un lugar sin señal y que pensaba quedarse. Desde entonces, las conversaciones de Daniel terminaron cuando ya no quedaba nada por decir.",42
tecnologia-02-04,tecnologia-02,tecnologia,train,"Sara perdió su teléfono en la estación. A las seis, el aparato llamó desde un número desconocido. Dijo que había encontrado un lugar sin señal y que pensaba quedarse. Desde entonces, las conversaciones de Sara terminaron cuando ya no quedaba nada por decir.",43
tecnologia-02-05,tecnologia-02,tecnologia,train,"Tomás perdió su teléfono en la estación. A las diez, el aparato llamó desde un número desconocido. Dijo que había encontrado un lugar sin señal y que pensaba quedarse. Desde entonces, las conversaciones de Tomás terminaron cuando ya no quedaba nada por decir.",43
tecnologia-02-06,tecnologia-02,tecnologia,train,"Elena perdió su teléfono en la estación. A medianoche, el aparato llamó desde un número desconocido. Dijo que había encontrado un lugar sin señal y que pensaba quedarse. Desde entonces, las conversaciones de Elena terminaron cuando ya no quedaba nada por decir.",42
tecnologia-02-07,tecnologia-02,tecnologia,train,"Simón perdió su teléfono en la estación. A mediodía, el aparato llamó desde un número desconocido. Dijo que había encontrado un lugar sin señal y que pensaba quedarse. Desde entonces, las conversaciones de Simón terminaron cuando ya no quedaba nada por decir.",42
tecnologia-02-08,tecnologia-02,tecnologia,train,"Ana perdió su teléfono en la plaza. A las seis, el aparato llamó desde un número desconocido. Dijo que había encontrado un lugar sin señal y que pensaba quedarse. Desde entonces, las conversaciones de Ana terminaron cuando ya no quedaba nada por decir.",43
tecnologia-02-09,tecnologia-02,tecnologia,train,"Luis perdió su teléfono en la plaza. A las diez, el aparato llamó desde un número desconocido. Dijo que había encontrado un lugar sin señal y que pensaba quedarse. Desde entonces, las conversaciones de Luis terminaron cuando ya no quedaba nada por decir.",43
tecnologia-02-10,tecnologia-02,tecnologia,train,"Luz perdió su teléfono en la plaza. A medianoche, el aparato llamó desde un número desconocido. Dijo que había encontrado un lugar sin señal y que pensaba quedarse. Desde entonces, las conversaciones de Luz terminaron cuando ya no quedaba nada por decir.",42
tecnologia-02-11,tecnologia-02,tecnologia,train,"Daniel perdió su teléfono en la plaza. A mediodía, el aparato llamó desde un número desconocido. Dijo que había encontrado un lugar sin señal y que pensaba quedarse. Desde entonces, las conversaciones de Daniel terminaron cuando ya no quedaba nada por decir.",42
tecnologia-02-12,tecnologia-02,tecnologia,train,"Sara perdió su teléfono en el parque. A las seis, el aparato llamó desde un número desconocido. Dijo que había encontrado un lugar sin señal y que pensaba quedarse. Desde entonces, las conversaciones de Sara terminaron cuando ya no quedaba nada por decir.",43
tecnologia-02-13,tecnologia-02,tecnologia,train,"Tomás perdió su teléfono en el parque. A las diez, el aparato llamó desde un número desconocido. Dijo que había encontrado un lugar sin señal y que pensaba quedarse. Desde entonces, las conversaciones de Tomás terminaron cuando ya no quedaba nada por decir.",43
tecnologia-02-14,tecnologia-02,tecnologia,train,"Elena perdió su teléfono en el parque. A medianoche, el aparato llamó desde un número desconocido. Dijo que había encontrado un lugar sin señal y que pensaba quedarse. Desde entonces, las conversaciones de Elena terminaron cuando ya no quedaba nada por decir.",42
tecnologia-02-15,tecnologia-02,tecnologia,train,"Simón perdió su teléfono en el parque. A mediodía, el aparato llamó desde un número desconocido. Dijo que había encontrado un lugar sin señal y que pensaba quedarse. Desde entonces, las conversaciones de Simón terminaron cuando ya no quedaba nada por decir.",42
tecnologia-03-00,tecnologia-03,tecnologia,train,"A las diez, Ana pidió a una pantalla que mostrara el futuro de la estación. Apareció una mesa con dos tazas. Intentó conocer la fecha, pero la imagen no cambió. Apagó la pantalla y fue a buscar a alguien con quien tomar café.",43
tecnologia-03-01,tecnologia-03,tecnologia,train,"A medianoche, Luis pidió a una pantalla que mostrara el futuro de la estación. Apareció una mesa con dos tazas. Intentó conocer la fecha, pero la imagen no cambió. Apagó la pantalla y fue a buscar a alguien con quien tomar café.",42
tecnologia-03-02,tecnologia-03,tecnologia,train,"A mediodía, Luz pidió a una pantalla que mostrara el futuro de la estación. Apareció una mesa con dos tazas. Intentó conocer la fecha, pero la imagen no cambió. Apagó la pantalla y fue a buscar a alguien con quien tomar café.",42
tecnologia-03-03,tecnologia-03,tecnologia,train,"A las seis, Daniel pidió a una pantalla que mostrara el futuro de la estación. Apareció una mesa con dos tazas. Intentó conocer la fecha, pero la imagen no cambió. Apagó la pantalla y fue a buscar a alguien con quien tomar café.",43
tecnologia-03-04,tecnologia-03,tecnologia,train,"A las diez, Sara pidió a una pantalla que mostrara el futuro de la plaza. Apareció una mesa con dos tazas. Intentó conocer la fecha, pero la imagen no cambió. Apagó la pantalla y fue a buscar a alguien con quien tomar café.",43
tecnologia-03-05,tecnologia-03,tecnologia,train,"A medianoche, Tomás pidió a una pantalla que mostrara el futuro de la plaza. Apareció una mesa con dos tazas. Intentó conocer la fecha, pero la imagen no cambió. Apagó la pantalla y fue a buscar a alguien con quien tomar café.",42
tecnologia-03-06,tecnologia-03,tecnologia,train,"A mediodía, Elena pidió a una pantalla que mostrara el futuro de la plaza. Apareció una mesa con dos tazas. Intentó conocer la fecha, pero la imagen no cambió. Apagó la pantalla y fue a buscar a alguien con quien tomar café.",42
tecnologia-03-07,tecnologia-03,tecnologia,train,"A las seis, Simón pidió a una pantalla que mostrara el futuro de la plaza. Apareció una mesa con dos tazas. Intentó conocer la fecha, pero la imagen no cambió. Apagó la pantalla y fue a buscar a alguien con quien tomar café.",43
tecnologia-03-08,tecnologia-03,tecnologia,train,"A las diez, Ana pidió a una pantalla que mostrara el futuro de el parque. Apareció una mesa con dos tazas. Intentó conocer la fecha, pero la imagen no cambió. Apagó la pantalla y fue a buscar a alguien con quien tomar café.",43
tecnologia-03-09,tecnologia-03,tecnologia,train,"A medianoche, Luis pidió a una pantalla que mostrara el futuro de el parque. Apareció una mesa con dos tazas. Intentó conocer la fecha, pero la imagen no cambió. Apagó la pantalla y fue a buscar a alguien con quien tomar café.",42
tecnologia-03-10,tecnologia-03,tecnologia,train,"A mediodía, Luz pidió a una pantalla que mostrara el futuro de el parque. Apareció una mesa con dos tazas. Intentó conocer la fecha, pero la imagen no cambió. Apagó la pantalla y fue a buscar a alguien con quien tomar café.",42
tecnologia-03-11,tecnologia-03,tecnologia,train,"A las seis, Daniel pidió a una pantalla que mostrara el futuro de el parque. Apareció una mesa con dos tazas. Intentó conocer la fecha, pero la imagen no cambió. Apagó la pantalla y fue a buscar a alguien con quien tomar café.",43
tecnologia-03-12,tecnologia-03,tecnologia,train,"A las diez, Sara pidió a una pantalla que mostrara el futuro de el pueblo. Apareció una mesa con dos tazas. Intentó conocer la fecha, pero la imagen no cambió. Apagó la pantalla y fue a buscar a alguien con quien tomar café.",43
tecnologia-03-13,tecnologia-03,tecnologia,train,"A medianoche, Tomás pidió a una pantalla que mostrara el futuro de el pueblo. Apareció una mesa con dos tazas. Intentó conocer la fecha, pero la imagen no cambió. Apagó la pantalla y fue a buscar a alguien con quien tomar café.",42
tecnologia-03-14,tecnologia-03,tecnologia,train,"A mediodía, Elena pidió a una pantalla que mostrara el futuro de el pueblo. Apareció una mesa con dos tazas. Intentó conocer la fecha, pero la imagen no cambió. Apagó la pantalla y fue a buscar a alguien con quien tomar café.",42
tecnologia-03-15,tecnologia-03,tecnologia,train,"A las seis, Simón pidió a una pantalla que mostrara el futuro de el pueblo. Apareció una mesa con dos tazas. Intentó conocer la fecha, pero la imagen no cambió. Apagó la pantalla y fue a buscar a alguien con quien tomar café.",43
tecnologia-04-00,tecnologia-04,tecnologia,test,"Ana enseñó a una máquina a reconocer rostros en la plaza. A medianoche, la máquina señaló una nube y dijo madre. Borró los datos y comenzó de nuevo. La máquina volvió a mirar el cielo, esta vez sin decir ninguna palabra.",41
tecnologia-04-01,tecnologia-04,tecnologia,test,"Luis enseñó a una máquina a reconocer rostros en la plaza. A mediodía, la máquina señaló una nube y dijo madre. Borró los datos y comenzó de nuevo. La máquina volvió a mirar el cielo, esta vez sin decir ninguna palabra.",41
tecnologia-04-02,tecnologia-04,tecnologia,test,"Luz enseñó a una máquina a reconocer rostros en la plaza. A las seis, la máquina señaló una nube y dijo madre. Borró los datos y comenzó de nuevo. La máquina volvió a mirar el cielo, esta vez sin decir ninguna palabra.",42
tecnologia-04-03,tecnologia-04,tecnologia,test,"Daniel enseñó a una máquina a reconocer rostros en la plaza. A las diez, la máquina señaló una nube y dijo madre. Borró los datos y comenzó de nuevo. La máquina volvió a mirar el cielo, esta vez sin decir ninguna palabra.",42
tecnologia-04-04,tecnologia-04,tecnologia,test,"Sara enseñó a una máquina a reconocer rostros en el parque. A medianoche, la máquina señaló una nube y dijo madre. Borró los datos y comenzó de nuevo. La máquina volvió a mirar el cielo, esta vez sin decir ninguna palabra.",41
tecnologia-04-05,tecnologia-04,tecnologia,test,"Tomás enseñó a una máquina a reconocer rostros en el parque. A mediodía, la máquina señaló una nube y dijo madre. Borró los datos y comenzó de nuevo. La máquina volvió a mirar el cielo, esta vez sin decir ninguna palabra.",41
tecnologia-04-06,tecnologia-04,tecnologia,test,"Elena enseñó a una máquina a reconocer rostros en el parque. A las seis, la máquina señaló una nube y dijo madre. Borró los datos y comenzó de nuevo. La máquina volvió a mirar el cielo, esta vez sin decir ninguna palabra.",42
tecnologia-04-07,tecnologia-04,tecnologia,test,"Simón enseñó a una máquina a reconocer rostros en el parque. A las diez, la máquina señaló una nube y dijo madre. Borró los datos y comenzó de nuevo. La máquina volvió a mirar el cielo, esta vez sin decir ninguna palabra.",42
tecnologia-04-08,tecnologia-04,tecnologia,test,"Ana enseñó a una máquina a reconocer rostros en el pueblo. A medianoche, la máquina señaló una nube y dijo madre. Borró los datos y comenzó de nuevo. La máquina volvió a mirar el cielo, esta vez sin decir ninguna palabra.",41
tecnologia-04-09,tecnologia-04,tecnologia,test,"Luis enseñó a una máquina a reconocer rostros en el pueblo. A mediodía, la máquina señaló una nube y dijo madre. Borró los datos y comenzó de nuevo. La máquina volvió a mirar el cielo, esta vez sin decir ninguna palabra.",41
tecnologia-04-10,tecnologia-04,tecnologia,test,"Luz enseñó a una máquina a reconocer rostros en el pueblo. A las seis, la máquina señaló una nube y dijo madre. Borró los datos y comenzó de nuevo. La máquina volvió a mirar el cielo, esta vez sin decir ninguna palabra.",42
tecnologia-04-11,tecnologia-04,tecnologia,test,"Daniel enseñó a una máquina a reconocer rostros en el pueblo. A las diez, la máquina señaló una nube y dijo madre. Borró los datos y comenzó de nuevo. La máquina volvió a mirar el cielo, esta vez sin decir ninguna palabra.",42
tecnologia-04-12,tecnologia-04,tecnologia,test,"Sara enseñó a una máquina a reconocer rostros en la estación. A medianoche, la máquina señaló una nube y dijo madre. Borró los datos y comenzó de nuevo. La máquina volvió a mirar el cielo, esta vez sin decir ninguna palabra.",41
tecnologia-04-13,tecnologia-04,tecnologia,test,"Tomás enseñó a una máquina a reconocer rostros en la estación. A mediodía, la máquina señaló una nube y dijo madre. Borró los datos y comenzó de nuevo. La máquina volvió a mirar el cielo, esta vez sin decir ninguna palabra.",41
tecnologia-04-14,tecnologia-04,tecnologia,test,"Elena enseñó a una máquina a reconocer rostros en la estación. A las seis, la máquina señaló una nube y dijo madre. Borró los datos y comenzó de nuevo. La máquina volvió a mirar el cielo, esta vez sin decir ninguna palabra.",42
tecnologia-04-15,tecnologia-04,tecnologia,test,"Simón enseñó a una máquina a reconocer rostros en la estación. A las diez, la máquina señaló una nube y dijo madre. Borró los datos y comenzó de nuevo. La máquina volvió a mirar el cielo, esta vez sin decir ninguna palabra.",42
tecnologia-05-00,tecnologia-05,tecnologia,train,"En el parque, un robot recogía objetos perdidos a mediodía. Ana le preguntó qué buscaba para sí mismo. La máquina abrió un cajón vacío y lo cerró despacio. Desde ese día, alguien dejó una flor junto a su estación de carga.",41
tecnologia-05-01,tecnologia-05,tecnologia,train,"En el parque, un robot recogía objetos perdidos a las seis. Luis le preguntó qué buscaba para sí mismo. La máquina abrió un cajón vacío y lo cerró despacio. Desde ese día, alguien dejó una flor junto a su estación de carga.",42
tecnologia-05-02,tecnologia-05,tecnologia,train,"En el parque, un robot recogía objetos perdidos a las diez. Luz le preguntó qué buscaba para sí mismo. La máquina abrió un cajón vacío y lo cerró despacio. Desde ese día, alguien dejó una flor junto a su estación de carga.",42
tecnologia-05-03,tecnologia-05,tecnologia,train,"En el parque, un robot recogía objetos perdidos a medianoche. Daniel le preguntó qué buscaba para sí mismo. La máquina abrió un cajón vacío y lo cerró despacio. Desde ese día, alguien dejó una flor junto a su estación de carga.",41
tecnologia-05-04,tecnologia-05,tecnologia,train,"En el pueblo, un robot recogía objetos perdidos a mediodía. Sara le preguntó qué buscaba para sí mismo. La máquina abrió un cajón vacío y lo cerró despacio. Desde ese día, alguien dejó una flor junto a su estación de carga.",41
tecnologia-05-05,tecnologia-05,tecnologia,train,"En el pueblo, un robot recogía objetos perdidos a las seis. Tomás le preguntó qué buscaba para sí mismo. La máquina abrió un cajón vacío y lo cerró despacio. Desde ese día, alguien dejó una flor junto a su estación de carga.",42
tecnologia-05-06,tecnologia-05,tecnologia,train,"En el pueblo, un robot recogía objetos perdidos a las diez. Elena le preguntó qué buscaba para sí mismo. La máquina abrió un cajón vacío y lo cerró despacio. Desde ese día, alguien dejó una flor junto a su estación de carga.",42
tecnologia-05-07,tecnologia-05,tecnologia,train,"En el pueblo, un robot recogía objetos perdidos a medianoche. Simón le preguntó qué buscaba para sí mismo. La máquina abrió un cajón vacío y lo cerró despacio. Desde ese día, alguien dejó una flor junto a su estación de carga.",41
tecnologia-05-08,tecnologia-05,tecnologia,train,"En la estación, un robot recogía objetos perdidos a mediodía. Ana le preguntó qué buscaba para sí mismo. La máquina abrió un cajón vacío y lo cerró despacio. Desde ese día, alguien dejó una flor junto a su estación de carga.",41
tecnologia-05-09,tecnologia-05,tecnologia,train,"En la estación, un robot recogía objetos perdidos a las seis. Luis le preguntó qué buscaba para sí mismo. La máquina abrió un cajón vacío y lo cerró despacio. Desde ese día, alguien dejó una flor junto a su estación de carga.",42
tecnologia-05-10,tecnologia-05,tecnologia,train,"En la estación, un robot recogía objetos perdidos a las diez. Luz le preguntó qué buscaba para sí mismo. La máquina abrió un cajón vacío y lo cerró despacio. Desde ese día, alguien dejó una flor junto a su estación de carga.",42
tecnologia-05-11,tecnologia-05,tecnologia,train,"En la estación, un robot recogía objetos perdidos a medianoche. Daniel le preguntó qué buscaba para sí mismo. La máquina abrió un cajón vacío y lo cerró despacio. Desde ese día, alguien dejó una flor junto a su estación de carga.",41
tecnologia-05-12,tecnologia-05,tecnologia,train,"En la plaza, un robot recogía objetos perdidos a mediodía. Sara le preguntó qué buscaba para sí mismo. La máquina abrió un cajón vacío y lo cerró despacio. Desde ese día, alguien dejó una flor junto a su estación de carga.",41
tecnologia-05-13,tecnologia-05,tecnologia,train,"En la plaza, un robot recogía objetos perdidos a las seis. Tomás le preguntó qué buscaba para sí mismo. La máquina abrió un cajón vacío y lo cerró despacio. Desde ese día, alguien dejó una flor junto a su estación de carga.",42
tecnologia-05-14,tecnologia-05,tecnologia,train,"En la plaza, un robot recogía objetos perdidos a las diez. Elena le preguntó qué buscaba para sí mismo. La máquina abrió un cajón vacío y lo cerró despacio. Desde ese día, alguien dejó una flor junto a su estación de carga.",42
tecnologia-05-15,tecnologia-05,tecnologia,train,"En la plaza, un robot recogía objetos perdidos a medianoche. Simón le preguntó qué buscaba para sí mismo. La máquina abrió un cajón vacío y lo cerró despacio. Desde ese día, alguien dejó una flor junto a su estación de carga.",41
tecnologia-06-00,tecnologia-06,tecnologia,train,"Ana creó una aplicación que medía el silencio de el pueblo. A las seis, la pantalla mostró un número imposible. Siguió la señal hasta una casa cerrada. Allí encontró a dos personas que llevaban años esperando que la otra comenzara a hablar.",42
tecnologia-06-01,tecnologia-06,tecnologia,train,"Luis creó una aplicación que medía el silencio de el pueblo. A las diez, la pantalla mostró un número imposible. Siguió la señal hasta una casa cerrada. Allí encontró a dos personas que llevaban años esperando que la otra comenzara a hablar.",42
tecnologia-06-02,tecnologia-06,tecnologia,train,"Luz creó una aplicación que medía el silencio de el pueblo. A medianoche, la pantalla mostró un número imposible. Siguió la señal hasta una casa cerrada. Allí encontró a dos personas que llevaban años esperando que la otra comenzara a hablar.",41
tecnologia-06-03,tecnologia-06,tecnologia,train,"Daniel creó una aplicación que medía el silencio de el pueblo. A mediodía, la pantalla mostró un número imposible. Siguió la señal hasta una casa cerrada. Allí encontró a dos personas que llevaban años esperando que la otra comenzara a hablar.",41
tecnologia-06-04,tecnologia-06,tecnologia,train,"Sara creó una aplicación que medía el silencio de la estación. A las seis, la pantalla mostró un número imposible. Siguió la señal hasta una casa cerrada. Allí encontró a dos personas que llevaban años esperando que la otra comenzara a hablar.",42
tecnologia-06-05,tecnologia-06,tecnologia,train,"Tomás creó una aplicación que medía el silencio de la estación. A las diez, la pantalla mostró un número imposible. Siguió la señal hasta una casa cerrada. Allí encontró a dos personas que llevaban años esperando que la otra comenzara a hablar.",42
tecnologia-06-06,tecnologia-06,tecnologia,train,"Elena creó una aplicación que medía el silencio de la estación. A medianoche, la pantalla mostró un número imposible. Siguió la señal hasta una casa cerrada. Allí encontró a dos personas que llevaban años esperando que la otra comenzara a hablar.",41
tecnologia-06-07,tecnologia-06,tecnologia,train,"Simón creó una aplicación que medía el silencio de la estación. A mediodía, la pantalla mostró un número imposible. Siguió la señal hasta una casa cerrada. Allí encontró a dos personas que llevaban años esperando que la otra comenzara a hablar.",41
tecnologia-06-08,tecnologia-06,tecnologia,train,"Ana creó una aplicación que medía el silencio de la plaza. A las seis, la pantalla mostró un número imposible. Siguió la señal hasta una casa cerrada. Allí encontró a dos personas que llevaban años esperando que la otra comenzara a hablar.",42
tecnologia-06-09,tecnologia-06,tecnologia,train,"Luis creó una aplicación que medía el silencio de la plaza. A las diez, la pantalla mostró un número imposible. Siguió la señal hasta una casa cerrada. Allí encontró a dos personas que llevaban años esperando que la otra comenzara a hablar.",42
tecnologia-06-10,tecnologia-06,tecnologia,train,"Luz creó una aplicación que medía el silencio de la plaza. A medianoche, la pantalla mostró un número imposible. Siguió la señal hasta una casa cerrada. Allí encontró a dos personas que llevaban años esperando que la otra comenzara a hablar.",41
tecnologia-06-11,tecnologia-06,tecnologia,train,"Daniel creó una aplicación que medía el silencio de la plaza. A mediodía, la pantalla mostró un número imposible. Siguió la señal hasta una casa cerrada. Allí encontró a dos personas que llevaban años esperando que la otra comenzara a hablar.",41
tecnologia-06-12,tecnologia-06,tecnologia,train,"Sara creó una aplicación que medía el silencio de el parque. A las seis, la pantalla mostró un número imposible. Siguió la señal hasta una casa cerrada. Allí encontró a dos personas que llevaban años esperando que la otra comenzara a hablar.",42
tecnologia-06-13,tecnologia-06,tecnologia,train,"Tomás creó una aplicación que medía el silencio de el parque. A las diez, la pantalla mostró un número imposible. Siguió la señal hasta una casa cerrada. Allí encontró a dos personas que llevaban años esperando que la otra comenzara a hablar.",42
tecnologia-06-14,tecnologia-06,tecnologia,train,"Elena creó una aplicación que medía el silencio de el parque. A medianoche, la pantalla mostró un número imposible. Siguió la señal hasta una casa cerrada. Allí encontró a dos personas que llevaban años esperando que la otra comenzara a hablar.",41
tecnologia-06-15,tecnologia-06,tecnologia,train,"Simón creó una aplicación que medía el silencio de el parque. A mediodía, la pantalla mostró un número imposible. Siguió la señal hasta una casa cerrada. Allí encontró a dos personas que llevaban años esperando que la otra comenzara a hablar.",41
tecnologia-07-00,tecnologia-07,tecnologia,val,"A las diez, Ana apagó el servidor de la estación. En la oscuridad apareció una pequeña luz que no figuraba en los planos. Era el último mensaje de alguien que nunca había recibido respuesta. Dejó el servidor encendido una noche más.",41
tecnologia-07-01,tecnologia-07,tecnologia,val,"A medianoche, Luis apagó el servidor de la estación. En la oscuridad apareció una pequeña luz que no figuraba en los planos. Era el último mensaje de alguien que nunca había recibido respuesta. Dejó el servidor encendido una noche más.",40
tecnologia-07-02,tecnologia-07,tecnologia,val,"A mediodía, Luz apagó el servidor de la estación. En la oscuridad apareció una pequeña luz que no figuraba en los planos. Era el último mensaje de alguien que nunca había recibido respuesta. Dejó el servidor encendido una noche más.",40
tecnologia-07-03,tecnologia-07,tecnologia,val,"A las seis, Daniel apagó el servidor de la estación. En la oscuridad apareció una pequeña luz que no figuraba en los planos. Era el último mensaje de alguien que nunca había recibido respuesta. Dejó el servidor encendido una noche más.",41
tecnologia-07-04,tecnologia-07,tecnologia,val,"A las diez, Sara apagó el servidor de la plaza. En la oscuridad apareció una pequeña luz que no figuraba en los planos. Era el último mensaje de alguien que nunca había recibido respuesta. Dejó el servidor encendido una noche más.",41
tecnologia-07-05,tecnologia-07,tecnologia,val,"A medianoche, Tomás apagó el servidor de la plaza. En la oscuridad apareció una pequeña luz que no figuraba en los planos. Era el último mensaje de alguien que nunca había recibido respuesta. Dejó el servidor encendido una noche más.",40
tecnologia-07-06,tecnologia-07,tecnologia,val,"A mediodía, Elena apagó el servidor de la plaza. En la oscuridad apareció una pequeña luz que no figuraba en los planos. Era el último mensaje de alguien que nunca había recibido respuesta. Dejó el servidor encendido una noche más.",40
tecnologia-07-07,tecnologia-07,tecnologia,val,"A las seis, Simón apagó el servidor de la plaza. En la oscuridad apareció una pequeña luz que no figuraba en los planos. Era el último mensaje de alguien que nunca había recibido respuesta. Dejó el servidor encendido una noche más.",41
tecnologia-07-08,tecnologia-07,tecnologia,val,"A las diez, Ana apagó el servidor de el parque. En la oscuridad apareció una pequeña luz que no figuraba en los planos. Era el último mensaje de alguien que nunca había recibido respuesta. Dejó el servidor encendido una noche más.",41
tecnologia-07-09,tecnologia-07,tecnologia,val,"A medianoche, Luis apagó el servidor de el parque. En la oscuridad apareció una pequeña luz que no figuraba en los planos. Era el último mensaje de alguien que nunca había recibido respuesta. Dejó el servidor encendido una noche más.",40
tecnologia-07-10,tecnologia-07,tecnologia,val,"A mediodía, Luz apagó el servidor de el parque. En la oscuridad apareció una pequeña luz que no figuraba en los planos. Era el último mensaje de alguien que nunca había recibido respuesta. Dejó el servidor encendido una noche más.",40
tecnologia-07-11,tecnologia-07,tecnologia,val,"A las seis, Daniel apagó el servidor de el parque. En la oscuridad apareció una pequeña luz que no figuraba en los planos. Era el último mensaje de alguien que nunca había recibido respuesta. Dejó el servidor encendido una noche más.",41
tecnologia-07-12,tecnologia-07,tecnologia,val,"A las diez, Sara apagó el servidor de el pueblo. En la oscuridad apareció una pequeña luz que no figuraba en los planos. Era el último mensaje de alguien que nunca había recibido respuesta. Dejó el servidor encendido una noche más.",41
tecnologia-07-13,tecnologia-07,tecnologia,val,"A medianoche, Tomás apagó el servidor de el pueblo. En la oscuridad apareció una pequeña luz que no figuraba en los planos. Era el último mensaje de alguien que nunca había recibido respuesta. Dejó el servidor encendido una noche más.",40
tecnologia-07-14,tecnologia-07,tecnologia,val,"A mediodía, Elena apagó el servidor de el pueblo. En la oscuridad apareció una pequeña luz que no figuraba en los planos. Era el último mensaje de alguien que nunca había recibido respuesta. Dejó el servidor encendido una noche más.",40
tecnologia-07-15,tecnologia-07,tecnologia,val,"A las seis, Simón apagó el servidor de el pueblo. En la oscuridad apareció una pequeña luz que no figuraba en los planos. Era el último mensaje de alguien que nunca había recibido respuesta. Dejó el servidor encendido una noche más.",41
tecnologia-08-00,tecnologia-08,tecnologia,train,"Ana pidió a una máquina un cuento sobre la plaza. A medianoche recibió una página vacía. Al pie decía que faltaba conocer el final. Salió a caminar, ayudó a una persona y regresó. La página tenía ahora una primera frase.",40
tecnologia-08-01,tecnologia-08,tecnologia,train,"Luis pidió a una máquina un cuento sobre la plaza. A mediodía recibió una página vacía. Al pie decía que faltaba conocer el final. Salió a caminar, ayudó a una persona y regresó. La página tenía ahora una primera frase.",40
tecnologia-08-02,tecnologia-08,tecnologia,train,"Luz pidió a una máquina un cuento sobre la plaza. A las seis recibió una página vacía. Al pie decía que faltaba conocer el final. Salió a caminar, ayudó a una persona y regresó. La página tenía ahora una primera frase.",41
tecnologia-08-03,tecnologia-08,tecnologia,train,"Daniel pidió a una máquina un cuento sobre la plaza. A las diez recibió una página vacía. Al pie decía que faltaba conocer el final. Salió a caminar, ayudó a una persona y regresó. La página tenía ahora una primera frase.",41
tecnologia-08-04,tecnologia-08,tecnologia,train,"Sara pidió a una máquina un cuento sobre el parque. A medianoche recibió una página vacía. Al pie decía que faltaba conocer el final. Salió a caminar, ayudó a una persona y regresó. La página tenía ahora una primera frase.",40
tecnologia-08-05,tecnologia-08,tecnologia,train,"Tomás pidió a una máquina un cuento sobre el parque. A mediodía recibió una página vacía. Al pie decía que faltaba conocer el final. Salió a caminar, ayudó a una persona y regresó. La página tenía ahora una primera frase.",40
tecnologia-08-06,tecnologia-08,tecnologia,train,"Elena pidió a una máquina un cuento sobre el parque. A las seis recibió una página vacía. Al pie decía que faltaba conocer el final. Salió a caminar, ayudó a una persona y regresó. La página tenía ahora una primera frase.",41
tecnologia-08-07,tecnologia-08,tecnologia,train,"Simón pidió a una máquina un cuento sobre el parque. A las diez recibió una página vacía. Al pie decía que faltaba conocer el final. Salió a caminar, ayudó a una persona y regresó. La página tenía ahora una primera frase.",41
tecnologia-08-08,tecnologia-08,tecnologia,train,"Ana pidió a una máquina un cuento sobre el pueblo. A medianoche recibió una página vacía. Al pie decía que faltaba conocer el final. Salió a caminar, ayudó a una persona y regresó. La página tenía ahora una primera frase.",40
tecnologia-08-09,tecnologia-08,tecnologia,train,"Luis pidió a una máquina un cuento sobre el pueblo. A mediodía recibió una página vacía. Al pie decía que faltaba conocer el final. Salió a caminar, ayudó a una persona y regresó. La página tenía ahora una primera frase.",40
tecnologia-08-10,tecnologia-08,tecnologia,train,"Luz pidió a una máquina un cuento sobre el pueblo. A las seis recibió una página vacía. Al pie decía que faltaba conocer el final. Salió a caminar, ayudó a una persona y regresó. La página tenía ahora una primera frase.",41
tecnologia-08-11,tecnologia-08,tecnologia,train,"Daniel pidió a una máquina un cuento sobre el pueblo. A las diez recibió una página vacía. Al pie decía que faltaba conocer el final. Salió a caminar, ayudó a una persona y regresó. La página tenía ahora una primera frase.",41
tecnologia-08-12,tecnologia-08,tecnologia,train,"Sara pidió a una máquina un cuento sobre la estación. A medianoche recibió una página vacía. Al pie decía que faltaba conocer el final. Salió a caminar, ayudó a una persona y regresó. La página tenía ahora una primera frase.",40
tecnologia-08-13,tecnologia-08,tecnologia,train,"Tomás pidió a una máquina un cuento sobre la estación. A mediodía recibió una página vacía. Al pie decía que faltaba conocer el final. Salió a caminar, ayudó a una persona y regresó. La página tenía ahora una primera frase.",40
tecnologia-08-14,tecnologia-08,tecnologia,train,"Elena pidió a una máquina un cuento sobre la estación. A las seis recibió una página vacía. Al pie decía que faltaba conocer el final. Salió a caminar, ayudó a una persona y regresó. La página tenía ahora una primera frase.",41
tecnologia-08-15,tecnologia-08,tecnologia,train,"Simón pidió a una máquina un cuento sobre la estación. A las diez recibió una página vacía. Al pie decía que faltaba conocer el final. Salió a caminar, ayudó a una persona y regresó. La página tenía ahora una primera frase.",41
tecnologia-09-00,tecnologia-09,tecnologia,train,"En el parque, Ana reparó una radio a mediodía. Solo captaba conversaciones que todavía no habían ocurrido. Escuchó una discusión y decidió cambiar sus palabras. A la mañana siguiente, la radio transmitió unos minutos de silencio y después una risa.",40
tecnologia-09-01,tecnologia-09,tecnologia,train,"En el parque, Luis reparó una radio a las seis. Solo captaba conversaciones que todavía no habían ocurrido. Escuchó una discusión y decidió cambiar sus palabras. A la mañana siguiente, la radio transmitió unos minutos de silencio y después una risa.",41
tecnologia-09-02,tecnologia-09,tecnologia,train,"En el parque, Luz reparó una radio a las diez. Solo captaba conversaciones que todavía no habían ocurrido. Escuchó una discusión y decidió cambiar sus palabras. A la mañana siguiente, la radio transmitió unos minutos de silencio y después una risa.",41
tecnologia-09-03,tecnologia-09,tecnologia,train,"En el parque, Daniel reparó una radio a medianoche. Solo captaba conversaciones que todavía no habían ocurrido. Escuchó una discusión y decidió cambiar sus palabras. A la mañana siguiente, la radio transmitió unos minutos de silencio y después una risa.",40
tecnologia-09-04,tecnologia-09,tecnologia,train,"En el pueblo, Sara reparó una radio a mediodía. Solo captaba conversaciones que todavía no habían ocurrido. Escuchó una discusión y decidió cambiar sus palabras. A la mañana siguiente, la radio transmitió unos minutos de silencio y después una risa.",40
tecnologia-09-05,tecnologia-09,tecnologia,train,"En el pueblo, Tomás reparó una radio a las seis. Solo captaba conversaciones que todavía no habían ocurrido. Escuchó una discusión y decidió cambiar sus palabras. A la mañana siguiente, la radio transmitió unos minutos de silencio y después una risa.",41
tecnologia-09-06,tecnologia-09,tecnologia,train,"En el pueblo, Elena reparó una radio a las diez. Solo captaba conversaciones que todavía no habían ocurrido. Escuchó una discusión y decidió cambiar sus palabras. A la mañana siguiente, la radio transmitió unos minutos de silencio y después una risa.",41
tecnologia-09-07,tecnologia-09,tecnologia,train,"En el pueblo, Simón reparó una radio a medianoche. Solo captaba conversaciones que todavía no habían ocurrido. Escuchó una discusión y decidió cambiar sus palabras. A la mañana siguiente, la radio transmitió unos minutos de silencio y después una risa.",40
tecnologia-09-08,tecnologia-09,tecnologia,train,"En la estación, Ana reparó una radio a mediodía. Solo captaba conversaciones que todavía no habían ocurrido. Escuchó una discusión y decidió cambiar sus palabras. A la mañana siguiente, la radio transmitió unos minutos de silencio y después una risa.",40
tecnologia-09-09,tecnologia-09,tecnologia,train,"En la estación, Luis reparó una radio a las seis. Solo captaba conversaciones que todavía no habían ocurrido. Escuchó una discusión y decidió cambiar sus palabras. A la mañana siguiente, la radio transmitió unos minutos de silencio y después una risa.",41
tecnologia-09-10,tecnologia-09,tecnologia,train,"En la estación, Luz reparó una radio a las diez. Solo captaba conversaciones que todavía no habían ocurrido. Escuchó una discusión y decidió cambiar sus palabras. A la mañana siguiente, la radio transmitió unos minutos de silencio y después una risa.",41
tecnologia-09-11,tecnologia-09,tecnologia,train,"En la estación, Daniel reparó una radio a medianoche. Solo captaba conversaciones que todavía no habían ocurrido. Escuchó una discusión y decidió cambiar sus palabras. A la mañana siguiente, la radio transmitió unos minutos de silencio y después una risa.",40
tecnologia-09-12,tecnologia-09,tecnologia,train,"En la plaza, Sara reparó una radio a mediodía. Solo captaba conversaciones que todavía no habían ocurrido. Escuchó una discusión y decidió cambiar sus palabras. A la mañana siguiente, la radio transmitió unos minutos de silencio y después una risa.",40
tecnologia-09-13,tecnologia-09,tecnologia,train,"En la plaza, Tomás reparó una radio a las seis. Solo captaba conversaciones que todavía no habían ocurrido. Escuchó una discusión y decidió cambiar sus palabras. A la mañana siguiente, la radio transmitió unos minutos de silencio y después una risa.",41
tecnologia-09-14,tecnologia-09,tecnologia,train,"En la plaza, Elena reparó una radio a las diez. Solo captaba conversaciones que todavía no habían ocurrido. Escuchó una discusión y decidió cambiar sus palabras. A la mañana siguiente, la radio transmitió unos minutos de silencio y después una risa.",41
tecnologia-09-15,tecnologia-09,tecnologia,train,"En la plaza, Simón reparó una radio a medianoche. Solo captaba conversaciones que todavía no habían ocurrido. Escuchó una discusión y decidió cambiar sus palabras. A la mañana siguiente, la radio transmitió unos minutos de silencio y después una risa.",40
tecnologia-10-00,tecnologia-10,tecnologia,train,"A las seis, Ana encontró un robot dormido en el pueblo. El manual aseguraba que las máquinas no soñaban. Sobre la mesa había un dibujo de una casa con jardín. Guardó el manual y puso una manta sobre los hombros de metal.",42
tecnologia-10-01,tecnologia-10,tecnologia,train,"A las diez, Luis encontró un robot dormido en el pueblo. El manual aseguraba que las máquinas no soñaban. Sobre la mesa había un dibujo de una casa con jardín. Guardó el manual y puso una manta sobre los hombros de metal.",42
tecnologia-10-02,tecnologia-10,tecnologia,train,"A medianoche, Luz encontró un robot dormido en el pueblo. El manual aseguraba que las máquinas no soñaban. Sobre la mesa había un dibujo de una casa con jardín. Guardó el manual y puso una manta sobre los hombros de metal.",41
tecnologia-10-03,tecnologia-10,tecnologia,train,"A mediodía, Daniel encontró un robot dormido en el pueblo. El manual aseguraba que las máquinas no soñaban. Sobre la mesa había un dibujo de una casa con jardín. Guardó el manual y puso una manta sobre los hombros de metal.",41
tecnologia-10-04,tecnologia-10,tecnologia,train,"A las seis, Sara encontró un robot dormido en la estación. El manual aseguraba que las máquinas no soñaban. Sobre la mesa había un dibujo de una casa con jardín. Guardó el manual y puso una manta sobre los hombros de metal.",42
tecnologia-10-05,tecnologia-10,tecnologia,train,"A las diez, Tomás encontró un robot dormido en la estación. El manual aseguraba que las máquinas no soñaban. Sobre la mesa había un dibujo de una casa con jardín. Guardó el manual y puso una manta sobre los hombros de metal.",42
tecnologia-10-06,tecnologia-10,tecnologia,train,"A medianoche, Elena encontró un robot dormido en la estación. El manual aseguraba que las máquinas no soñaban. Sobre la mesa había un dibujo de una casa con jardín. Guardó el manual y puso una manta sobre los hombros de metal.",41
tecnologia-10-07,tecnologia-10,tecnologia,train,"A mediodía, Simón encontró un robot dormido en la estación. El manual aseguraba que las máquinas no soñaban. Sobre la mesa había un dibujo de una casa con jardín. Guardó el manual y puso una manta sobre los hombros de metal.",41
tecnologia-10-08,tecnologia-10,tecnologia,train,"A las seis, Ana encontró un robot dormido en la plaza. El manual aseguraba que las máquinas no soñaban. Sobre la mesa había un dibujo de una casa con jardín. Guardó el manual y puso una manta sobre los hombros de metal.",42
tecnologia-10-09,tecnologia-10,tecnologia,train,"A las diez, Luis encontró un robot dormido en la plaza. El manual aseguraba que las máquinas no soñaban. Sobre la mesa había un dibujo de una casa con jardín. Guardó el manual y puso una manta sobre los hombros de metal.",42
tecnologia-10-10,tecnologia-10,tecnologia,train,"A medianoche, Luz encontró un robot dormido en la plaza. El manual aseguraba que las máquinas no soñaban. Sobre la mesa había un dibujo de una casa con jardín. Guardó el manual y puso una manta sobre los hombros de metal.",41
tecnologia-10-11,tecnologia-10,tecnologia,train,"A mediodía, Daniel encontró un robot dormido en la plaza. El manual aseguraba que las máquinas no soñaban. Sobre la mesa había un dibujo de una casa con jardín. Guardó el manual y puso una manta sobre los hombros de metal.",41
tecnologia-10-12,tecnologia-10,tecnologia,train,"A las seis, Sara encontró un robot dormido en el parque. El manual aseguraba que las máquinas no soñaban. Sobre la mesa había un dibujo de una casa con jardín. Guardó el manual y puso una manta sobre los hombros de metal.",42
tecnologia-10-13,tecnologia-10,tecnologia,train,"A las diez, Tomás encontró un robot dormido en el parque. El manual aseguraba que las máquinas no soñaban. Sobre la mesa había un dibujo de una casa con jardín. Guardó el manual y puso una manta sobre los hombros de metal.",42
tecnologia-10-14,tecnologia-10,tecnologia,train,"A medianoche, Elena encontró un robot dormido en el parque. El manual aseguraba que las máquinas no soñaban. Sobre la mesa había un dibujo de una casa con jardín. Guardó el manual y puso una manta sobre los hombros de metal.",41
tecnologia-10-15,tecnologia-10,tecnologia,train,"A mediodía, Simón encontró un robot dormido en el parque. El manual aseguraba que las máquinas no soñaban. Sobre la mesa había un dibujo de una casa con jardín. Guardó el manual y puso una manta sobre los hombros de metal.",41
tecnologia-11-00,tecnologia-11,tecnologia,test,"Ana diseñó un reloj digital para la estación. A las diez descubrió que contaba los abrazos en lugar de las horas. Intentó corregirlo, pero los vecinos pidieron que esperara. Por primera vez, todos sabían cuánto tiempo habían dejado pasar de verdad.",41
tecnologia-11-01,tecnologia-11,tecnologia,test,"Luis diseñó un reloj digital para la estación. A medianoche descubrió que contaba los abrazos en lugar de las horas. Intentó corregirlo, pero los vecinos pidieron que esperara. Por primera vez, todos sabían cuánto tiempo habían dejado pasar de verdad.",40
tecnologia-11-02,tecnologia-11,tecnologia,test,"Luz diseñó un reloj digital para la estación. A mediodía descubrió que contaba los abrazos en lugar de las horas. Intentó corregirlo, pero los vecinos pidieron que esperara. Por primera vez, todos sabían cuánto tiempo habían dejado pasar de verdad.",40
tecnologia-11-03,tecnologia-11,tecnologia,test,"Daniel diseñó un reloj digital para la estación. A las seis descubrió que contaba los abrazos en lugar de las horas. Intentó corregirlo, pero los vecinos pidieron que esperara. Por primera vez, todos sabían cuánto tiempo habían dejado pasar de verdad.",41
tecnologia-11-04,tecnologia-11,tecnologia,test,"Sara diseñó un reloj digital para la plaza. A las diez descubrió que contaba los abrazos en lugar de las horas. Intentó corregirlo, pero los vecinos pidieron que esperara. Por primera vez, todos sabían cuánto tiempo habían dejado pasar de verdad.",41
tecnologia-11-05,tecnologia-11,tecnologia,test,"Tomás diseñó un reloj digital para la plaza. A medianoche descubrió que contaba los abrazos en lugar de las horas. Intentó corregirlo, pero los vecinos pidieron que esperara. Por primera vez, todos sabían cuánto tiempo habían dejado pasar de verdad.",40
tecnologia-11-06,tecnologia-11,tecnologia,test,"Elena diseñó un reloj digital para la plaza. A mediodía descubrió que contaba los abrazos en lugar de las horas. Intentó corregirlo, pero los vecinos pidieron que esperara. Por primera vez, todos sabían cuánto tiempo habían dejado pasar de verdad.",40
tecnologia-11-07,tecnologia-11,tecnologia,test,"Simón diseñó un reloj digital para la plaza. A las seis descubrió que contaba los abrazos en lugar de las horas. Intentó corregirlo, pero los vecinos pidieron que esperara. Por primera vez, todos sabían cuánto tiempo habían dejado pasar de verdad.",41
tecnologia-11-08,tecnologia-11,tecnologia,test,"Ana diseñó un reloj digital para el parque. A las diez descubrió que contaba los abrazos en lugar de las horas. Intentó corregirlo, pero los vecinos pidieron que esperara. Por primera vez, todos sabían cuánto tiempo habían dejado pasar de verdad.",41
tecnologia-11-09,tecnologia-11,tecnologia,test,"Luis diseñó un reloj digital para el parque. A medianoche descubrió que contaba los abrazos en lugar de las horas. Intentó corregirlo, pero los vecinos pidieron que esperara. Por primera vez, todos sabían cuánto tiempo habían dejado pasar de verdad.",40
tecnologia-11-10,tecnologia-11,tecnologia,test,"Luz diseñó un reloj digital para el parque. A mediodía descubrió que contaba los abrazos en lugar de las horas. Intentó corregirlo, pero los vecinos pidieron que esperara. Por primera vez, todos sabían cuánto tiempo habían dejado pasar de verdad.",40
tecnologia-11-11,tecnologia-11,tecnologia,test,"Daniel diseñó un reloj digital para el parque. A las seis descubrió que contaba los abrazos en lugar de las horas. Intentó corregirlo, pero los vecinos pidieron que esperara. Por primera vez, todos sabían cuánto tiempo habían dejado pasar de verdad.",41
tecnologia-11-12,tecnologia-11,tecnologia,test,"Sara diseñó un reloj digital para el pueblo. A las diez descubrió que contaba los abrazos en lugar de las horas. Intentó corregirlo, pero los vecinos pidieron que esperara. Por primera vez, todos sabían cuánto tiempo habían dejado pasar de verdad.",41
tecnologia-11-13,tecnologia-11,tecnologia,test,"Tomás diseñó un reloj digital para el pueblo. A medianoche descubrió que contaba los abrazos en lugar de las horas. Intentó corregirlo, pero los vecinos pidieron que esperara. Por primera vez, todos sabían cuánto tiempo habían dejado pasar de verdad.",40
tecnologia-11-14,tecnologia-11,tecnologia,test,"Elena diseñó un reloj digital para el pueblo. A mediodía descubrió que contaba los abrazos en lugar de las horas. Intentó corregirlo, pero los vecinos pidieron que esperara. Por primera vez, todos sabían cuánto tiempo habían dejado pasar de verdad.",40
tecnologia-11-15,tecnologia-11,tecnologia,test,"Simón diseñó un reloj digital para el pueblo. A las seis descubrió que contaba los abrazos en lugar de las horas. Intentó corregirlo, pero los vecinos pidieron que esperara. Por primera vez, todos sabían cuánto tiempo habían dejado pasar de verdad.",41
mar-00-00,mar-00,mar,val,"Ana encontró una botella en la plaza. La abrió a medianoche y salió el sonido del mar. Dentro no había ningún mensaje. La dejó sobre la mesa para escucharla cada noche, hasta que una mañana apareció arena debajo de todas las puertas.",42
mar-00-01,mar-00,mar,val,"Luis encontró una botella en la plaza. La abrió a mediodía y salió el sonido del mar. Dentro no había ningún mensaje. La dejó sobre la mesa para escucharla cada noche, hasta que una mañana apareció arena debajo de todas las puertas.",42
mar-00-02,mar-00,mar,val,"Luz encontró una botella en la plaza. La abrió a las seis y salió el sonido del mar. Dentro no había ningún mensaje. La dejó sobre la mesa para escucharla cada noche, hasta que una mañana apareció arena debajo de todas las puertas.",43
mar-00-03,mar-00,mar,val,"Daniel encontró una botella en la plaza. La abrió a las diez y salió el sonido del mar. Dentro no había ningún mensaje. La dejó sobre la mesa para escucharla cada noche, hasta que una mañana apareció arena debajo de todas las puertas.",43
mar-00-04,mar-00,mar,val,"Sara encontró una botella en el parque. La abrió a medianoche y salió el sonido del mar. Dentro no había ningún mensaje. La dejó sobre la mesa para escucharla cada noche, hasta que una mañana apareció arena debajo de todas las puertas.",42
mar-00-05,mar-00,mar,val,"Tomás encontró una botella en el parque. La abrió a mediodía y salió el sonido del mar. Dentro no había ningún mensaje. La dejó sobre la mesa para escucharla cada noche, hasta que una mañana apareció arena debajo de todas las puertas.",42
mar-00-06,mar-00,mar,val,"Elena encontró una botella en el parque. La abrió a las seis y salió el sonido del mar. Dentro no había ningún mensaje. La dejó sobre la mesa para escucharla cada noche, hasta que una mañana apareció arena debajo de todas las puertas.",43
mar-00-07,mar-00,mar,val,"Simón encontró una botella en el parque. La abrió a las diez y salió el sonido del mar. Dentro no había ningún mensaje. La dejó sobre la mesa para escucharla cada noche, hasta que una mañana apareció arena debajo de todas las puertas.",43
mar-00-08,mar-00,mar,val,"Ana encontró una botella en el pueblo. La abrió a medianoche y salió el sonido del mar. Dentro no había ningún mensaje. La dejó sobre la mesa para escucharla cada noche, hasta que una mañana apareció arena debajo de todas las puertas.",42
mar-00-09,mar-00,mar,val,"Luis encontró una botella en el pueblo. La abrió a mediodía y salió el sonido del mar. Dentro no había ningún mensaje. La dejó sobre la mesa para escucharla cada noche, hasta que una mañana apareció arena debajo de todas las puertas.",42
mar-00-10,mar-00,mar,val,"Luz encontró una botella en el pueblo. La abrió a las seis y salió el sonido del mar. Dentro no había ningún mensaje. La dejó sobre la mesa para escucharla cada noche, hasta que una mañana apareció arena debajo de todas las puertas.",43
mar-00-11,mar-00,mar,val,"Daniel encontró una botella en el pueblo. La abrió a las diez y salió el sonido del mar. Dentro no había ningún mensaje. La dejó sobre la mesa para escucharla cada noche, hasta que una mañana apareció arena debajo de todas las puertas.",43
mar-00-12,mar-00,mar,val,"Sara encontró una botella en la estación. La abrió a medianoche y salió el sonido del mar. Dentro no había ningún mensaje. La dejó sobre la mesa para escucharla cada noche, hasta que una mañana apareció arena debajo de todas las puertas.",42
mar-00-13,mar-00,mar,val,"Tomás encontró una botella en la estación. La abrió a mediodía y salió el sonido del mar. Dentro no había ningún mensaje. La dejó sobre la mesa para escucharla cada noche, hasta que una mañana apareció arena debajo de todas las puertas.",42
mar-00-14,mar-00,mar,val,"Elena encontró una botella en la estación. La abrió a las seis y salió el sonido del mar. Dentro no había ningún mensaje. La dejó sobre la mesa para escucharla cada noche, hasta que una mañana apareció arena debajo de todas las puertas.",43
mar-00-15,mar-00,mar,val,"Simón encontró una botella en la estación. La abrió a las diez y salió el sonido del mar. Dentro no había ningún mensaje. La dejó sobre la mesa para escucharla cada noche, hasta que una mañana apareció arena debajo de todas las puertas.",43
mar-01-00,mar-01,mar,train,"En el parque, Ana reparaba barcos de papel a mediodía. Un día llegó uno que había cruzado el océano. En su cubierta viajaba una palabra escrita con letra pequeña. La leyó en voz alta y recordó por qué había aprendido a esperar.",42
mar-01-01,mar-01,mar,train,"En el parque, Luis reparaba barcos de papel a las seis. Un día llegó uno que había cruzado el océano. En su cubierta viajaba una palabra escrita con letra pequeña. La leyó en voz alta y recordó por qué había aprendido a esperar.",43
mar-01-02,mar-01,mar,train,"En el parque, Luz reparaba barcos de papel a las diez. Un día llegó uno que había cruzado el océano. En su cubierta viajaba una palabra escrita con letra pequeña. La leyó en voz alta y recordó por qué había aprendido a esperar.",43
mar-01-03,mar-01,mar,train,"En el parque, Daniel reparaba barcos de papel a medianoche. Un día llegó uno que había cruzado el océano. En su cubierta viajaba una palabra escrita con letra pequeña. La leyó en voz alta y recordó por qué había aprendido a esperar.",42
mar-01-04,mar-01,mar,train,"En el pueblo, Sara reparaba barcos de papel a mediodía. Un día llegó uno que había cruzado el océano. En su cubierta viajaba una palabra escrita con letra pequeña. La leyó en voz alta y recordó por qué había aprendido a esperar.",42
mar-01-05,mar-01,mar,train,"En el pueblo, Tomás reparaba barcos de papel a las seis. Un día llegó uno que había cruzado el océano. En su cubierta viajaba una palabra escrita con letra pequeña. La leyó en voz alta y recordó por qué había aprendido a esperar.",43
mar-01-06,mar-01,mar,train,"En el pueblo, Elena reparaba barcos de papel a las diez. Un día llegó uno que había cruzado el océano. En su cubierta viajaba una palabra escrita con letra pequeña. La leyó en voz alta y recordó por qué había aprendido a esperar.",43
mar-01-07,mar-01,mar,train,"En el pueblo, Simón reparaba barcos de papel a medianoche. Un día llegó uno que había cruzado el océano. En su cubierta viajaba una palabra escrita con letra pequeña. La leyó en voz alta y recordó por qué había aprendido a esperar.",42
mar-01-08,mar-01,mar,train,"En la estación, Ana reparaba barcos de papel a mediodía. Un día llegó uno que había cruzado el océano. En su cubierta viajaba una palabra escrita con letra pequeña. La leyó en voz alta y recordó por qué había aprendido a esperar.",42
mar-01-09,mar-01,mar,train,"En la estación, Luis reparaba barcos de papel a las seis. Un día llegó uno que había cruzado el océano. En su cubierta viajaba una palabra escrita con letra pequeña. La leyó en voz alta y recordó por qué había aprendido a esperar.",43
mar-01-10,mar-01,mar,train,"En la estación, Luz reparaba barcos de papel a las diez. Un día llegó uno que había cruzado el océano. En su cubierta viajaba una palabra escrita con letra pequeña. La leyó en voz alta y recordó por qué había aprendido a esperar.",43
mar-01-11,mar-01,mar,train,"En la estación, Daniel reparaba barcos de papel a medianoche. Un día llegó uno que había cruzado el océano. En su cubierta viajaba una palabra escrita con letra pequeña. La leyó en voz alta y recordó por qué había aprendido a esperar.",42
mar-01-12,mar-01,mar,train,"En la plaza, Sara reparaba barcos de papel a mediodía. Un día llegó uno que había cruzado el océano. En su cubierta viajaba una palabra escrita con letra pequeña. La leyó en voz alta y recordó por qué había aprendido a esperar.",42
mar-01-13,mar-01,mar,train,"En la plaza, Tomás reparaba barcos de papel a las seis. Un día llegó uno que había cruzado el océano. En su cubierta viajaba una palabra escrita con letra pequeña. La leyó en voz alta y recordó por qué había aprendido a esperar.",43
mar-01-14,mar-01,mar,train,"En la plaza, Elena reparaba barcos de papel a las diez. Un día llegó uno que había cruzado el océano. En su cubierta viajaba una palabra escrita con letra pequeña. La leyó en voz alta y recordó por qué había aprendido a esperar.",43
mar-01-15,mar-01,mar,train,"En la plaza, Simón reparaba barcos de papel a medianoche. Un día llegó uno que había cruzado el océano. En su cubierta viajaba una palabra escrita con letra pequeña. La leyó en voz alta y recordó por qué había aprendido a esperar.",42
mar-02-00,mar-02,mar,test,"Ana encendió el faro de el pueblo a las seis. La luz no buscaba barcos, sino nombres olvidados bajo el agua. Cuando apareció el de su padre, dejó de girar. Durante toda la noche, una pequeña ola golpeó con cuidado la puerta.",42
mar-02-01,mar-02,mar,test,"Luis encendió el faro de el pueblo a las diez. La luz no buscaba barcos, sino nombres olvidados bajo el agua. Cuando apareció el de su padre, dejó de girar. Durante toda la noche, una pequeña ola golpeó con cuidado la puerta.",42
mar-02-02,mar-02,mar,test,"Luz encendió el faro de el pueblo a medianoche. La luz no buscaba barcos, sino nombres olvidados bajo el agua. Cuando apareció el de su padre, dejó de girar. Durante toda la noche, una pequeña ola golpeó con cuidado la puerta.",41
mar-02-03,mar-02,mar,test,"Daniel encendió el faro de el pueblo a mediodía. La luz no buscaba barcos, sino nombres olvidados bajo el agua. Cuando apareció el de su padre, dejó de girar. Durante toda la noche, una pequeña ola golpeó con cuidado la puerta.",41
mar-02-04,mar-02,mar,test,"Sara encendió el faro de la estación a las seis. La luz no buscaba barcos, sino nombres olvidados bajo el agua. Cuando apareció el de su padre, dejó de girar. Durante toda la noche, una pequeña ola golpeó con cuidado la puerta.",42
mar-02-05,mar-02,mar,test,"Tomás encendió el faro de la estación a las diez. La luz no buscaba barcos, sino nombres olvidados bajo el agua. Cuando apareció el de su padre, dejó de girar. Durante toda la noche, una pequeña ola golpeó con cuidado la puerta.",42
mar-02-06,mar-02,mar,test,"Elena encendió el faro de la estación a medianoche. La luz no buscaba barcos, sino nombres olvidados bajo el agua. Cuando apareció el de su padre, dejó de girar. Durante toda la noche, una pequeña ola golpeó con cuidado la puerta.",41
mar-02-07,mar-02,mar,test,"Simón encendió el faro de la estación a mediodía. La luz no buscaba barcos, sino nombres olvidados bajo el agua. Cuando apareció el de su padre, dejó de girar. Durante toda la noche, una pequeña ola golpeó con cuidado la puerta.",41
mar-02-08,mar-02,mar,test,"Ana encendió el faro de la plaza a las seis. La luz no buscaba barcos, sino nombres olvidados bajo el agua. Cuando apareció el de su padre, dejó de girar. Durante toda la noche, una pequeña ola golpeó con cuidado la puerta.",42
mar-02-09,mar-02,mar,test,"Luis encendió el faro de la plaza a las diez. La luz no buscaba barcos, sino nombres olvidados bajo el agua. Cuando apareció el de su padre, dejó de girar. Durante toda la noche, una pequeña ola golpeó con cuidado la puerta.",42
mar-02-10,mar-02,mar,test,"Luz encendió el faro de la plaza a medianoche. La luz no buscaba barcos, sino nombres olvidados bajo el agua. Cuando apareció el de su padre, dejó de girar. Durante toda la noche, una pequeña ola golpeó con cuidado la puerta.",41
mar-02-11,mar-02,mar,test,"Daniel encendió el faro de la plaza a mediodía. La luz no buscaba barcos, sino nombres olvidados bajo el agua. Cuando apareció el de su padre, dejó de girar. Durante toda la noche, una pequeña ola golpeó con cuidado la puerta.",41
mar-02-12,mar-02,mar,test,"Sara encendió el faro de el parque a las seis. La luz no buscaba barcos, sino nombres olvidados bajo el agua. Cuando apareció el de su padre, dejó de girar. Durante toda la noche, una pequeña ola golpeó con cuidado la puerta.",42
mar-02-13,mar-02,mar,test,"Tomás encendió el faro de el parque a las diez. La luz no buscaba barcos, sino nombres olvidados bajo el agua. Cuando apareció el de su padre, dejó de girar. Durante toda la noche, una pequeña ola golpeó con cuidado la puerta.",42
mar-02-14,mar-02,mar,test,"Elena encendió el faro de el parque a medianoche. La luz no buscaba barcos, sino nombres olvidados bajo el agua. Cuando apareció el de su padre, dejó de girar. Durante toda la noche, una pequeña ola golpeó con cuidado la puerta.",41
mar-02-15,mar-02,mar,test,"Simón encendió el faro de el parque a mediodía. La luz no buscaba barcos, sino nombres olvidados bajo el agua. Cuando apareció el de su padre, dejó de girar. Durante toda la noche, una pequeña ola golpeó con cuidado la puerta.",41
mar-03-00,mar-03,mar,train,"A las diez, Ana encontró una concha cerrada en la estación. Al acercarla al oído escuchó una ciudad. La devolvió al agua antes del amanecer. Desde entonces, algunas noches, el mar dejaba en la playa el sonido lejano de un bus.",41
mar-03-01,mar-03,mar,train,"A medianoche, Luis encontró una concha cerrada en la estación. Al acercarla al oído escuchó una ciudad. La devolvió al agua antes del amanecer. Desde entonces, algunas noches, el mar dejaba en la playa el sonido lejano de un bus.",40
mar-03-02,mar-03,mar,train,"A mediodía, Luz encontró una concha cerrada en la estación. Al acercarla al oído escuchó una ciudad. La devolvió al agua antes del amanecer. Desde entonces, algunas noches, el mar dejaba en la playa el sonido lejano de un bus.",40
mar-03-03,mar-03,mar,train,"A las seis, Daniel encontró una concha cerrada en la estación. Al acercarla al oído escuchó una ciudad. La devolvió al agua antes del amanecer. Desde entonces, algunas noches, el mar dejaba en la playa el sonido lejano de un bus.",41
mar-03-04,mar-03,mar,train,"A las diez, Sara encontró una concha cerrada en la plaza. Al acercarla al oído escuchó una ciudad. La devolvió al agua antes del amanecer. Desde entonces, algunas noches, el mar dejaba en la playa el sonido lejano de un bus.",41
mar-03-05,mar-03,mar,train,"A medianoche, Tomás encontró una concha cerrada en la plaza. Al acercarla al oído escuchó una ciudad. La devolvió al agua antes del amanecer. Desde entonces, algunas noches, el mar dejaba en la playa el sonido lejano de un bus.",40
mar-03-06,mar-03,mar,train,"A mediodía, Elena encontró una concha cerrada en la plaza. Al acercarla al oído escuchó una ciudad. La devolvió al agua antes del amanecer. Desde entonces, algunas noches, el mar dejaba en la playa el sonido lejano de un bus.",40
mar-03-07,mar-03,mar,train,"A las seis, Simón encontró una concha cerrada en la plaza. Al acercarla al oído escuchó una ciudad. La devolvió al agua antes del amanecer. Desde entonces, algunas noches, el mar dejaba en la playa el sonido lejano de un bus.",41
mar-03-08,mar-03,mar,train,"A las diez, Ana encontró una concha cerrada en el parque. Al acercarla al oído escuchó una ciudad. La devolvió al agua antes del amanecer. Desde entonces, algunas noches, el mar dejaba en la playa el sonido lejano de un bus.",41
mar-03-09,mar-03,mar,train,"A medianoche, Luis encontró una concha cerrada en el parque. Al acercarla al oído escuchó una ciudad. La devolvió al agua antes del amanecer. Desde entonces, algunas noches, el mar dejaba en la playa el sonido lejano de un bus.",40
mar-03-10,mar-03,mar,train,"A mediodía, Luz encontró una concha cerrada en el parque. Al acercarla al oído escuchó una ciudad. La devolvió al agua antes del amanecer. Desde entonces, algunas noches, el mar dejaba en la playa el sonido lejano de un bus.",40
mar-03-11,mar-03,mar,train,"A las seis, Daniel encontró una concha cerrada en el parque. Al acercarla al oído escuchó una ciudad. La devolvió al agua antes del amanecer. Desde entonces, algunas noches, el mar dejaba en la playa el sonido lejano de un bus.",41
mar-03-12,mar-03,mar,train,"A las diez, Sara encontró una concha cerrada en el pueblo. Al acercarla al oído escuchó una ciudad. La devolvió al agua antes del amanecer. Desde entonces, algunas noches, el mar dejaba en la playa el sonido lejano de un bus.",41
mar-03-13,mar-03,mar,train,"A medianoche, Tomás encontró una concha cerrada en el pueblo. Al acercarla al oído escuchó una ciudad. La devolvió al agua antes del amanecer. Desde entonces, algunas noches, el mar dejaba en la playa el sonido lejano de un bus.",40
mar-03-14,mar-03,mar,train,"A mediodía, Elena encontró una concha cerrada en el pueblo. Al acercarla al oído escuchó una ciudad. La devolvió al agua antes del amanecer. Desde entonces, algunas noches, el mar dejaba en la playa el sonido lejano de un bus.",40
mar-03-15,mar-03,mar,train,"A las seis, Simón encontró una concha cerrada en el pueblo. Al acercarla al oído escuchó una ciudad. La devolvió al agua antes del amanecer. Desde entonces, algunas noches, el mar dejaba en la playa el sonido lejano de un bus.",41
mar-04-00,mar-04,mar,train,"Ana dibujó una isla en la arena de la plaza. A medianoche, la marea rodeó el dibujo sin borrarlo. Al día siguiente había un árbol en el centro. Nunca llegó a visitarla: comprendió que algunas cosas crecen mejor cuando nadie intenta poseerlas.",42
mar-04-01,mar-04,mar,train,"Luis dibujó una isla en la arena de la plaza. A mediodía, la marea rodeó el dibujo sin borrarlo. Al día siguiente había un árbol en el centro. Nunca llegó a visitarla: comprendió que algunas cosas crecen mejor cuando nadie intenta poseerlas.",42
mar-04-02,mar-04,mar,train,"Luz dibujó una isla en la arena de la plaza. A las seis, la marea rodeó el dibujo sin borrarlo. Al día siguiente había un árbol en el centro. Nunca llegó a visitarla: comprendió que algunas cosas crecen mejor cuando nadie intenta poseerlas.",43
mar-04-03,mar-04,mar,train,"Daniel dibujó una isla en la arena de la plaza. A las diez, la marea rodeó el dibujo sin borrarlo. Al día siguiente había un árbol en el centro. Nunca llegó a visitarla: comprendió que algunas cosas crecen mejor cuando nadie intenta poseerlas.",43
mar-04-04,mar-04,mar,train,"Sara dibujó una isla en la arena de el parque. A medianoche, la marea rodeó el dibujo sin borrarlo. Al día siguiente había un árbol en el centro. Nunca llegó a visitarla: comprendió que algunas cosas crecen mejor cuando nadie intenta poseerlas.",42
mar-04-05,mar-04,mar,train,"Tomás dibujó una isla en la arena de el parque. A mediodía, la marea rodeó el dibujo sin borrarlo. Al día siguiente había un árbol en el centro. Nunca llegó a visitarla: comprendió que algunas cosas crecen mejor cuando nadie intenta poseerlas.",42
mar-04-06,mar-04,mar,train,"Elena dibujó una isla en la arena de el parque. A las seis, la marea rodeó el dibujo sin borrarlo. Al día siguiente había un árbol en el centro. Nunca llegó a visitarla: comprendió que algunas cosas crecen mejor cuando nadie intenta poseerlas.",43
mar-04-07,mar-04,mar,train,"Simón dibujó una isla en la arena de el parque. A las diez, la marea rodeó el dibujo sin borrarlo. Al día siguiente había un árbol en el centro. Nunca llegó a visitarla: comprendió que algunas cosas crecen mejor cuando nadie intenta poseerlas.",43
mar-04-08,mar-04,mar,train,"Ana dibujó una isla en la arena de el pueblo. A medianoche, la marea rodeó el dibujo sin borrarlo. Al día siguiente había un árbol en el centro. Nunca llegó a visitarla: comprendió que algunas cosas crecen mejor cuando nadie intenta poseerlas.",42
mar-04-09,mar-04,mar,train,"Luis dibujó una isla en la arena de el pueblo. A mediodía, la marea rodeó el dibujo sin borrarlo. Al día siguiente había un árbol en el centro. Nunca llegó a visitarla: comprendió que algunas cosas crecen mejor cuando nadie intenta poseerlas.",42
mar-04-10,mar-04,mar,train,"Luz dibujó una isla en la arena de el pueblo. A las seis, la marea rodeó el dibujo sin borrarlo. Al día siguiente había un árbol en el centro. Nunca llegó a visitarla: comprendió que algunas cosas crecen mejor cuando nadie intenta poseerlas.",43
mar-04-11,mar-04,mar,train,"Daniel dibujó una isla en la arena de el pueblo. A las diez, la marea rodeó el dibujo sin borrarlo. Al día siguiente había un árbol en el centro. Nunca llegó a visitarla: comprendió que algunas cosas crecen mejor cuando nadie intenta poseerlas.",43
mar-04-12,mar-04,mar,train,"Sara dibujó una isla en la arena de la estación. A medianoche, la marea rodeó el dibujo sin borrarlo. Al día siguiente había un árbol en el centro. Nunca llegó a visitarla: comprendió que algunas cosas crecen mejor cuando nadie intenta poseerlas.",42
mar-04-13,mar-04,mar,train,"Tomás dibujó una isla en la arena de la estación. A mediodía, la marea rodeó el dibujo sin borrarlo. Al día siguiente había un árbol en el centro. Nunca llegó a visitarla: comprendió que algunas cosas crecen mejor cuando nadie intenta poseerlas.",42
mar-04-14,mar-04,mar,train,"Elena dibujó una isla en la arena de la estación. A las seis, la marea rodeó el dibujo sin borrarlo. Al día siguiente había un árbol en el centro. Nunca llegó a visitarla: comprendió que algunas cosas crecen mejor cuando nadie intenta poseerlas.",43
mar-04-15,mar-04,mar,train,"Simón dibujó una isla en la arena de la estación. A las diez, la marea rodeó el dibujo sin borrarlo. Al día siguiente había un árbol en el centro. Nunca llegó a visitarla: comprendió que algunas cosas crecen mejor cuando nadie intenta poseerlas.",43
mar-05-00,mar-05,mar,test,"En el parque, Ana recogía redes vacías a mediodía. Una noche atrapó una estrella que había caído al agua. La dejó en libertad antes de pedir un deseo. Desde entonces, siempre encontró el camino de regreso, incluso cuando el cielo estaba nublado.",42
mar-05-01,mar-05,mar,test,"En el parque, Luis recogía redes vacías a las seis. Una noche atrapó una estrella que había caído al agua. La dejó en libertad antes de pedir un deseo. Desde entonces, siempre encontró el camino de regreso, incluso cuando el cielo estaba nublado.",43
mar-05-02,mar-05,mar,test,"En el parque, Luz recogía redes vacías a las diez. Una noche atrapó una estrella que había caído al agua. La dejó en libertad antes de pedir un deseo. Desde entonces, siempre encontró el camino de regreso, incluso cuando el cielo estaba nublado.",43
mar-05-03,mar-05,mar,test,"En el parque, Daniel recogía redes vacías a medianoche. Una noche atrapó una estrella que había caído al agua. La dejó en libertad antes de pedir un deseo. Desde entonces, siempre encontró el camino de regreso, incluso cuando el cielo estaba nublado.",42
mar-05-04,mar-05,mar,test,"En el pueblo, Sara recogía redes vacías a mediodía. Una noche atrapó una estrella que había caído al agua. La dejó en libertad antes de pedir un deseo. Desde entonces, siempre encontró el camino de regreso, incluso cuando el cielo estaba nublado.",42
mar-05-05,mar-05,mar,test,"En el pueblo, Tomás recogía redes vacías a las seis. Una noche atrapó una estrella que había caído al agua. La dejó en libertad antes de pedir un deseo. Desde entonces, siempre encontró el camino de regreso, incluso cuando el cielo estaba nublado.",43
mar-05-06,mar-05,mar,test,"En el pueblo, Elena recogía redes vacías a las diez. Una noche atrapó una estrella que había caído al agua. La dejó en libertad antes de pedir un deseo. Desde entonces, siempre encontró el camino de regreso, incluso cuando el cielo estaba nublado.",43
mar-05-07,mar-05,mar,test,"En el pueblo, Simón recogía redes vacías a medianoche. Una noche atrapó una estrella que había caído al agua. La dejó en libertad antes de pedir un deseo. Desde entonces, siempre encontró el camino de regreso, incluso cuando el cielo estaba nublado.",42
mar-05-08,mar-05,mar,test,"En la estación, Ana recogía redes vacías a mediodía. Una noche atrapó una estrella que había caído al agua. La dejó en libertad antes de pedir un deseo. Desde entonces, siempre encontró el camino de regreso, incluso cuando el cielo estaba nublado.",42
mar-05-09,mar-05,mar,test,"En la estación, Luis recogía redes vacías a las seis. Una noche atrapó una estrella que había caído al agua. La dejó en libertad antes de pedir un deseo. Desde entonces, siempre encontró el camino de regreso, incluso cuando el cielo estaba nublado.",43
mar-05-10,mar-05,mar,test,"En la estación, Luz recogía redes vacías a las diez. Una noche atrapó una estrella que había caído al agua. La dejó en libertad antes de pedir un deseo. Desde entonces, siempre encontró el camino de regreso, incluso cuando el cielo estaba nublado.",43
mar-05-11,mar-05,mar,test,"En la estación, Daniel recogía redes vacías a medianoche. Una noche atrapó una estrella que había caído al agua. La dejó en libertad antes de pedir un deseo. Desde entonces, siempre encontró el camino de regreso, incluso cuando el cielo estaba nublado.",42
mar-05-12,mar-05,mar,test,"En la plaza, Sara recogía redes vacías a mediodía. Una noche atrapó una estrella que había caído al agua. La dejó en libertad antes de pedir un deseo. Desde entonces, siempre encontró el camino de regreso, incluso cuando el cielo estaba nublado.",42
mar-05-13,mar-05,mar,test,"En la plaza, Tomás recogía redes vacías a las seis. Una noche atrapó una estrella que había caído al agua. La dejó en libertad antes de pedir un deseo. Desde entonces, siempre encontró el camino de regreso, incluso cuando el cielo estaba nublado.",43
mar-05-14,mar-05,mar,test,"En la plaza, Elena recogía redes vacías a las diez. Una noche atrapó una estrella que había caído al agua. La dejó en libertad antes de pedir un deseo. Desde entonces, siempre encontró el camino de regreso, incluso cuando el cielo estaba nublado.",43
mar-05-15,mar-05,mar,test,"En la plaza, Simón recogía redes vacías a medianoche. Una noche atrapó una estrella que había caído al agua. La dejó en libertad antes de pedir un deseo. Desde entonces, siempre encontró el camino de regreso, incluso cuando el cielo estaba nublado.",42
mar-06-00,mar-06,mar,train,"Ana esperaba una carta frente al mar de el pueblo. A las seis llegó una ola con un sobre abierto. El papel estaba en blanco, pero aún conservaba calor. Lo puso a secar junto a la ventana y preparó dos tazas de café.",43
mar-06-01,mar-06,mar,train,"Luis esperaba una carta frente al mar de el pueblo. A las diez llegó una ola con un sobre abierto. El papel estaba en blanco, pero aún conservaba calor. Lo puso a secar junto a la ventana y preparó dos tazas de café.",43
mar-06-02,mar-06,mar,train,"Luz esperaba una carta frente al mar de el pueblo. A medianoche llegó una ola con un sobre abierto. El papel estaba en blanco, pero aún conservaba calor. Lo puso a secar junto a la ventana y preparó dos tazas de café.",42
mar-06-03,mar-06,mar,train,"Daniel esperaba una carta frente al mar de el pueblo. A mediodía llegó una ola con un sobre abierto. El papel estaba en blanco, pero aún conservaba calor. Lo puso a secar junto a la ventana y preparó dos tazas de café.",42
mar-06-04,mar-06,mar,train,"Sara esperaba una carta frente al mar de la estación. A las seis llegó una ola con un sobre abierto. El papel estaba en blanco, pero aún conservaba calor. Lo puso a secar junto a la ventana y preparó dos tazas de café.",43
mar-06-05,mar-06,mar,train,"Tomás esperaba una carta frente al mar de la estación. A las diez llegó una ola con un sobre abierto. El papel estaba en blanco, pero aún conservaba calor. Lo puso a secar junto a la ventana y preparó dos tazas de café.",43
mar-06-06,mar-06,mar,train,"Elena esperaba una carta frente al mar de la estación. A medianoche llegó una ola con un sobre abierto. El papel estaba en blanco, pero aún conservaba calor. Lo puso a secar junto a la ventana y preparó dos tazas de café.",42
mar-06-07,mar-06,mar,train,"Simón esperaba una carta frente al mar de la estación. A mediodía llegó una ola con un sobre abierto. El papel estaba en blanco, pero aún conservaba calor. Lo puso a secar junto a la ventana y preparó dos tazas de café.",42
mar-06-08,mar-06,mar,train,"Ana esperaba una carta frente al mar de la plaza. A las seis llegó una ola con un sobre abierto. El papel estaba en blanco, pero aún conservaba calor. Lo puso a secar junto a la ventana y preparó dos tazas de café.",43
mar-06-09,mar-06,mar,train,"Luis esperaba una carta frente al mar de la plaza. A las diez llegó una ola con un sobre abierto. El papel estaba en blanco, pero aún conservaba calor. Lo puso a secar junto a la ventana y preparó dos tazas de café.",43
mar-06-10,mar-06,mar,train,"Luz esperaba una carta frente al mar de la plaza. A medianoche llegó una ola con un sobre abierto. El papel estaba en blanco, pero aún conservaba calor. Lo puso a secar junto a la ventana y preparó dos tazas de café.",42
mar-06-11,mar-06,mar,train,"Daniel esperaba una carta frente al mar de la plaza. A mediodía llegó una ola con un sobre abierto. El papel estaba en blanco, pero aún conservaba calor. Lo puso a secar junto a la ventana y preparó dos tazas de café.",42
mar-06-12,mar-06,mar,train,"Sara esperaba una carta frente al mar de el parque. A las seis llegó una ola con un sobre abierto. El papel estaba en blanco, pero aún conservaba calor. Lo puso a secar junto a la ventana y preparó dos tazas de café.",43
mar-06-13,mar-06,mar,train,"Tomás esperaba una carta frente al mar de el parque. A las diez llegó una ola con un sobre abierto. El papel estaba en blanco, pero aún conservaba calor. Lo puso a secar junto a la ventana y preparó dos tazas de café.",43
mar-06-14,mar-06,mar,train,"Elena esperaba una carta frente al mar de el parque. A medianoche llegó una ola con un sobre abierto. El papel estaba en blanco, pero aún conservaba calor. Lo puso a secar junto a la ventana y preparó dos tazas de café.",42
mar-06-15,mar-06,mar,train,"Simón esperaba una carta frente al mar de el parque. A mediodía llegó una ola con un sobre abierto. El papel estaba en blanco, pero aún conservaba calor. Lo puso a secar junto a la ventana y preparó dos tazas de café.",42
mar-07-00,mar-07,mar,val,"A las diez, Ana escuchó pasos sobre el agua de la estación. Siguió el sonido hasta una barca vacía. Dentro había unos zapatos secos y un mapa sin costa. Se quedó en la orilla, por primera vez sin sentir que estaba perdiendo un viaje.",44
mar-07-01,mar-07,mar,val,"A medianoche, Luis escuchó pasos sobre el agua de la estación. Siguió el sonido hasta una barca vacía. Dentro había unos zapatos secos y un mapa sin costa. Se quedó en la orilla, por primera vez sin sentir que estaba perdiendo un viaje.",43
mar-07-02,mar-07,mar,val,"A mediodía, Luz escuchó pasos sobre el agua de la estación. Siguió el sonido hasta una barca vacía. Dentro había unos zapatos secos y un mapa sin costa. Se quedó en la orilla, por primera vez sin sentir que estaba perdiendo un viaje.",43
mar-07-03,mar-07,mar,val,"A las seis, Daniel escuchó pasos sobre el agua de la estación. Siguió el sonido hasta una barca vacía. Dentro había unos zapatos secos y un mapa sin costa. Se quedó en la orilla, por primera vez sin sentir que estaba perdiendo un viaje.",44
mar-07-04,mar-07,mar,val,"A las diez, Sara escuchó pasos sobre el agua de la plaza. Siguió el sonido hasta una barca vacía. Dentro había unos zapatos secos y un mapa sin costa. Se quedó en la orilla, por primera vez sin sentir que estaba perdiendo un viaje.",44
mar-07-05,mar-07,mar,val,"A medianoche, Tomás escuchó pasos sobre el agua de la plaza. Siguió el sonido hasta una barca vacía. Dentro había unos zapatos secos y un mapa sin costa. Se quedó en la orilla, por primera vez sin sentir que estaba perdiendo un viaje.",43
mar-07-06,mar-07,mar,val,"A mediodía, Elena escuchó pasos sobre el agua de la plaza. Siguió el sonido hasta una barca vacía. Dentro había unos zapatos secos y un mapa sin costa. Se quedó en la orilla, por primera vez sin sentir que estaba perdiendo un viaje.",43
mar-07-07,mar-07,mar,val,"A las seis, Simón escuchó pasos sobre el agua de la plaza. Siguió el sonido hasta una barca vacía. Dentro había unos zapatos secos y un mapa sin costa. Se quedó en la orilla, por primera vez sin sentir que estaba perdiendo un viaje.",44
mar-07-08,mar-07,mar,val,"A las diez, Ana escuchó pasos sobre el agua de el parque. Siguió el sonido hasta una barca vacía. Dentro había unos zapatos secos y un mapa sin costa. Se quedó en la orilla, por primera vez sin sentir que estaba perdiendo un viaje.",44
mar-07-09,mar-07,mar,val,"A medianoche, Luis escuchó pasos sobre el agua de el parque. Siguió el sonido hasta una barca vacía. Dentro había unos zapatos secos y un mapa sin costa. Se quedó en la orilla, por primera vez sin sentir que estaba perdiendo un viaje.",43
mar-07-10,mar-07,mar,val,"A mediodía, Luz escuchó pasos sobre el agua de el parque. Siguió el sonido hasta una barca vacía. Dentro había unos zapatos secos y un mapa sin costa. Se quedó en la orilla, por primera vez sin sentir que estaba perdiendo un viaje.",43
mar-07-11,mar-07,mar,val,"A las seis, Daniel escuchó pasos sobre el agua de el parque. Siguió el sonido hasta una barca vacía. Dentro había unos zapatos secos y un mapa sin costa. Se quedó en la orilla, por primera vez sin sentir que estaba perdiendo un viaje.",44
mar-07-12,mar-07,mar,val,"A las diez, Sara escuchó pasos sobre el agua de el pueblo. Siguió el sonido hasta una barca vacía. Dentro había unos zapatos secos y un mapa sin costa. Se quedó en la orilla, por primera vez sin sentir que estaba perdiendo un viaje.",44
mar-07-13,mar-07,mar,val,"A medianoche, Tomás escuchó pasos sobre el agua de el pueblo. Siguió el sonido hasta una barca vacía. Dentro había unos zapatos secos y un mapa sin costa. Se quedó en la orilla, por primera vez sin sentir que estaba perdiendo un viaje.",43
mar-07-14,mar-07,mar,val,"A mediodía, Elena escuchó pasos sobre el agua de el pueblo. Siguió el sonido hasta una barca vacía. Dentro había unos zapatos secos y un mapa sin costa. Se quedó en la orilla, por primera vez sin sentir que estaba perdiendo un viaje.",43
mar-07-15,mar-07,mar,val,"A las seis, Simón escuchó pasos sobre el agua de el pueblo. Siguió el sonido hasta una barca vacía. Dentro había unos zapatos secos y un mapa sin costa. Se quedó en la orilla, por primera vez sin sentir que estaba perdiendo un viaje.",44
mar-08-00,mar-08,mar,train,"En la plaza, Ana vendía pequeños mapas del mar a medianoche. Ninguno señalaba el mismo lugar. Una niña compró el que estaba vacío y dibujó una casa. A la mañana siguiente, todas las corrientes parecían dirigirse hacia aquella ventana.",39
mar-08-01,mar-08,mar,train,"En la plaza, Luis vendía pequeños mapas del mar a mediodía. Ninguno señalaba el mismo lugar. Una niña compró el que estaba vacío y dibujó una casa. A la mañana siguiente, todas las corrientes parecían dirigirse hacia aquella ventana.",39
mar-08-02,mar-08,mar,train,"En la plaza, Luz vendía pequeños mapas del mar a las seis. Ninguno señalaba el mismo lugar. Una niña compró el que estaba vacío y dibujó una casa. A la mañana siguiente, todas las corrientes parecían dirigirse hacia aquella ventana.",40
mar-08-03,mar-08,mar,train,"En la plaza, Daniel vendía pequeños mapas del mar a las diez. Ninguno señalaba el mismo lugar. Una niña compró el que estaba vacío y dibujó una casa. A la mañana siguiente, todas las corrientes parecían dirigirse hacia aquella ventana.",40
mar-08-04,mar-08,mar,train,"En el parque, Sara vendía pequeños mapas del mar a medianoche. Ninguno señalaba el mismo lugar. Una niña compró el que estaba vacío y dibujó una casa. A la mañana siguiente, todas las corrientes parecían dirigirse hacia aquella ventana.",39
mar-08-05,mar-08,mar,train,"En el parque, Tomás vendía pequeños mapas del mar a mediodía. Ninguno señalaba el mismo lugar. Una niña compró el que estaba vacío y dibujó una casa. A la mañana siguiente, todas las corrientes parecían dirigirse hacia aquella ventana.",39
mar-08-06,mar-08,mar,train,"En el parque, Elena vendía pequeños mapas del mar a las seis. Ninguno señalaba el mismo lugar. Una niña compró el que estaba vacío y dibujó una casa. A la mañana siguiente, todas las corrientes parecían dirigirse hacia aquella ventana.",40
mar-08-07,mar-08,mar,train,"En el parque, Simón vendía pequeños mapas del mar a las diez. Ninguno señalaba el mismo lugar. Una niña compró el que estaba vacío y dibujó una casa. A la mañana siguiente, todas las corrientes parecían dirigirse hacia aquella ventana.",40
mar-08-08,mar-08,mar,train,"En el pueblo, Ana vendía pequeños mapas del mar a medianoche. Ninguno señalaba el mismo lugar. Una niña compró el que estaba vacío y dibujó una casa. A la mañana siguiente, todas las corrientes parecían dirigirse hacia aquella ventana.",39
mar-08-09,mar-08,mar,train,"En el pueblo, Luis vendía pequeños mapas del mar a mediodía. Ninguno señalaba el mismo lugar. Una niña compró el que estaba vacío y dibujó una casa. A la mañana siguiente, todas las corrientes parecían dirigirse hacia aquella ventana.",39
mar-08-10,mar-08,mar,train,"En el pueblo, Luz vendía pequeños mapas del mar a las seis. Ninguno señalaba el mismo lugar. Una niña compró el que estaba vacío y dibujó una casa. A la mañana siguiente, todas las corrientes parecían dirigirse hacia aquella ventana.",40
mar-08-11,mar-08,mar,train,"En el pueblo, Daniel vendía pequeños mapas del mar a las diez. Ninguno señalaba el mismo lugar. Una niña compró el que estaba vacío y dibujó una casa. A la mañana siguiente, todas las corrientes parecían dirigirse hacia aquella ventana.",40
mar-08-12,mar-08,mar,train,"En la estación, Sara vendía pequeños mapas del mar a medianoche. Ninguno señalaba el mismo lugar. Una niña compró el que estaba vacío y dibujó una casa. A la mañana siguiente, todas las corrientes parecían dirigirse hacia aquella ventana.",39
mar-08-13,mar-08,mar,train,"En la estación, Tomás vendía pequeños mapas del mar a mediodía. Ninguno señalaba el mismo lugar. Una niña compró el que estaba vacío y dibujó una casa. A la mañana siguiente, todas las corrientes parecían dirigirse hacia aquella ventana.",39
mar-08-14,mar-08,mar,train,"En la estación, Elena vendía pequeños mapas del mar a las seis. Ninguno señalaba el mismo lugar. Una niña compró el que estaba vacío y dibujó una casa. A la mañana siguiente, todas las corrientes parecían dirigirse hacia aquella ventana.",40
mar-08-15,mar-08,mar,train,"En la estación, Simón vendía pequeños mapas del mar a las diez. Ninguno señalaba el mismo lugar. Una niña compró el que estaba vacío y dibujó una casa. A la mañana siguiente, todas las corrientes parecían dirigirse hacia aquella ventana.",40
mar-09-00,mar-09,mar,train,"Ana lanzó una piedra al agua de el parque. A mediodía, los círculos seguían creciendo. Regresó cada tarde para observarlos. Muchos años después recibió una visita de la otra orilla: alguien había venido a preguntar quién había llamado tan suavemente.",40
mar-09-01,mar-09,mar,train,"Luis lanzó una piedra al agua de el parque. A las seis, los círculos seguían creciendo. Regresó cada tarde para observarlos. Muchos años después recibió una visita de la otra orilla: alguien había venido a preguntar quién había llamado tan suavemente.",41
mar-09-02,mar-09,mar,train,"Luz lanzó una piedra al agua de el parque. A las diez, los círculos seguían creciendo. Regresó cada tarde para observarlos. Muchos años después recibió una visita de la otra orilla: alguien había venido a preguntar quién había llamado tan suavemente.",41
mar-09-03,mar-09,mar,train,"Daniel lanzó una piedra al agua de el parque. A medianoche, los círculos seguían creciendo. Regresó cada tarde para observarlos. Muchos años después recibió una visita de la otra orilla: alguien había venido a preguntar quién había llamado tan suavemente.",40
mar-09-04,mar-09,mar,train,"Sara lanzó una piedra al agua de el pueblo. A mediodía, los círculos seguían creciendo. Regresó cada tarde para observarlos. Muchos años después recibió una visita de la otra orilla: alguien había venido a preguntar quién había llamado tan suavemente.",40
mar-09-05,mar-09,mar,train,"Tomás lanzó una piedra al agua de el pueblo. A las seis, los círculos seguían creciendo. Regresó cada tarde para observarlos. Muchos años después recibió una visita de la otra orilla: alguien había venido a preguntar quién había llamado tan suavemente.",41
mar-09-06,mar-09,mar,train,"Elena lanzó una piedra al agua de el pueblo. A las diez, los círculos seguían creciendo. Regresó cada tarde para observarlos. Muchos años después recibió una visita de la otra orilla: alguien había venido a preguntar quién había llamado tan suavemente.",41
mar-09-07,mar-09,mar,train,"Simón lanzó una piedra al agua de el pueblo. A medianoche, los círculos seguían creciendo. Regresó cada tarde para observarlos. Muchos años después recibió una visita de la otra orilla: alguien había venido a preguntar quién había llamado tan suavemente.",40
mar-09-08,mar-09,mar,train,"Ana lanzó una piedra al agua de la estación. A mediodía, los círculos seguían creciendo. Regresó cada tarde para observarlos. Muchos años después recibió una visita de la otra orilla: alguien había venido a preguntar quién había llamado tan suavemente.",40
mar-09-09,mar-09,mar,train,"Luis lanzó una piedra al agua de la estación. A las seis, los círculos seguían creciendo. Regresó cada tarde para observarlos. Muchos años después recibió una visita de la otra orilla: alguien había venido a preguntar quién había llamado tan suavemente.",41
mar-09-10,mar-09,mar,train,"Luz lanzó una piedra al agua de la estación. A las diez, los círculos seguían creciendo. Regresó cada tarde para observarlos. Muchos años después recibió una visita de la otra orilla: alguien había venido a preguntar quién había llamado tan suavemente.",41
mar-09-11,mar-09,mar,train,"Daniel lanzó una piedra al agua de la estación. A medianoche, los círculos seguían creciendo. Regresó cada tarde para observarlos. Muchos años después recibió una visita de la otra orilla: alguien había venido a preguntar quién había llamado tan suavemente.",40
mar-09-12,mar-09,mar,train,"Sara lanzó una piedra al agua de la plaza. A mediodía, los círculos seguían creciendo. Regresó cada tarde para observarlos. Muchos años después recibió una visita de la otra orilla: alguien había venido a preguntar quién había llamado tan suavemente.",40
mar-09-13,mar-09,mar,train,"Tomás lanzó una piedra al agua de la plaza. A las seis, los círculos seguían creciendo. Regresó cada tarde para observarlos. Muchos años después recibió una visita de la otra orilla: alguien había venido a preguntar quién había llamado tan suavemente.",41
mar-09-14,mar-09,mar,train,"Elena lanzó una piedra al agua de la plaza. A las diez, los círculos seguían creciendo. Regresó cada tarde para observarlos. Muchos años después recibió una visita de la otra orilla: alguien había venido a preguntar quién había llamado tan suavemente.",41
mar-09-15,mar-09,mar,train,"Simón lanzó una piedra al agua de la plaza. A medianoche, los círculos seguían creciendo. Regresó cada tarde para observarlos. Muchos años después recibió una visita de la otra orilla: alguien había venido a preguntar quién había llamado tan suavemente.",40
mar-10-00,mar-10,mar,train,"A las seis, Ana vio una ballena junto a el pueblo. No traía hambre ni tristeza, sino una canción demasiado grande para el océano. Escuchó hasta el amanecer. Desde ese día, cada vez que hablaba, dejaba un pequeño espacio para el silencio.",42
mar-10-01,mar-10,mar,train,"A las diez, Luis vio una ballena junto a el pueblo. No traía hambre ni tristeza, sino una canción demasiado grande para el océano. Escuchó hasta el amanecer. Desde ese día, cada vez que hablaba, dejaba un pequeño espacio para el silencio.",42
mar-10-02,mar-10,mar,train,"A medianoche, Luz vio una ballena junto a el pueblo. No traía hambre ni tristeza, sino una canción demasiado grande para el océano. Escuchó hasta el amanecer. Desde ese día, cada vez que hablaba, dejaba un pequeño espacio para el silencio.",41
mar-10-03,mar-10,mar,train,"A mediodía, Daniel vio una ballena junto a el pueblo. No traía hambre ni tristeza, sino una canción demasiado grande para el océano. Escuchó hasta el amanecer. Desde ese día, cada vez que hablaba, dejaba un pequeño espacio para el silencio.",41
mar-10-04,mar-10,mar,train,"A las seis, Sara vio una ballena junto a la estación. No traía hambre ni tristeza, sino una canción demasiado grande para el océano. Escuchó hasta el amanecer. Desde ese día, cada vez que hablaba, dejaba un pequeño espacio para el silencio.",42
mar-10-05,mar-10,mar,train,"A las diez, Tomás vio una ballena junto a la estación. No traía hambre ni tristeza, sino una canción demasiado grande para el océano. Escuchó hasta el amanecer. Desde ese día, cada vez que hablaba, dejaba un pequeño espacio para el silencio.",42
mar-10-06,mar-10,mar,train,"A medianoche, Elena vio una ballena junto a la estación. No traía hambre ni tristeza, sino una canción demasiado grande para el océano. Escuchó hasta el amanecer. Desde ese día, cada vez que hablaba, dejaba un pequeño espacio para el silencio.",41
mar-10-07,mar-10,mar,train,"A mediodía, Simón vio una ballena junto a la estación. No traía hambre ni tristeza, sino una canción demasiado grande para el océano. Escuchó hasta el amanecer. Desde ese día, cada vez que hablaba, dejaba un pequeño espacio para el silencio.",41
mar-10-08,mar-10,mar,train,"A las seis, Ana vio una ballena junto a la plaza. No traía hambre ni tristeza, sino una canción demasiado grande para el océano. Escuchó hasta el amanecer. Desde ese día, cada vez que hablaba, dejaba un pequeño espacio para el silencio.",42
mar-10-09,mar-10,mar,train,"A las diez, Luis vio una ballena junto a la plaza. No traía hambre ni tristeza, sino una canción demasiado grande para el océano. Escuchó hasta el amanecer. Desde ese día, cada vez que hablaba, dejaba un pequeño espacio para el silencio.",42
mar-10-10,mar-10,mar,train,"A medianoche, Luz vio una ballena junto a la plaza. No traía hambre ni tristeza, sino una canción demasiado grande para el océano. Escuchó hasta el amanecer. Desde ese día, cada vez que hablaba, dejaba un pequeño espacio para el silencio.",41
mar-10-11,mar-10,mar,train,"A mediodía, Daniel vio una ballena junto a la plaza. No traía hambre ni tristeza, sino una canción demasiado grande para el océano. Escuchó hasta el amanecer. Desde ese día, cada vez que hablaba, dejaba un pequeño espacio para el silencio.",41
mar-10-12,mar-10,mar,train,"A las seis, Sara vio una ballena junto a el parque. No traía hambre ni tristeza, sino una canción demasiado grande para el océano. Escuchó hasta el amanecer. Desde ese día, cada vez que hablaba, dejaba un pequeño espacio para el silencio.",42
mar-10-13,mar-10,mar,train,"A las diez, Tomás vio una ballena junto a el parque. No traía hambre ni tristeza, sino una canción demasiado grande para el océano. Escuchó hasta el amanecer. Desde ese día, cada vez que hablaba, dejaba un pequeño espacio para el silencio.",42
mar-10-14,mar-10,mar,train,"A medianoche, Elena vio una ballena junto a el parque. No traía hambre ni tristeza, sino una canción demasiado grande para el océano. Escuchó hasta el amanecer. Desde ese día, cada vez que hablaba, dejaba un pequeño espacio para el silencio.",41
mar-10-15,mar-10,mar,train,"A mediodía, Simón vio una ballena junto a el parque. No traía hambre ni tristeza, sino una canción demasiado grande para el océano. Escuchó hasta el amanecer. Desde ese día, cada vez que hablaba, dejaba un pequeño espacio para el silencio.",41
mar-11-00,mar-11,mar,train,"Ana encontró una brújula sin aguja en la estación. A las diez, la acercó al pecho y sintió que apuntaba hacia el mar. La llevó consigo durante años. Nunca supo dónde estaba el norte, pero siempre reconoció el momento de volver a casa.",43
mar-11-01,mar-11,mar,train,"Luis encontró una brújula sin aguja en la estación. A medianoche, la acercó al pecho y sintió que apuntaba hacia el mar. La llevó consigo durante años. Nunca supo dónde estaba el norte, pero siempre reconoció el momento de volver a casa.",42
mar-11-02,mar-11,mar,train,"Luz encontró una brújula sin aguja en la estación. A mediodía, la acercó al pecho y sintió que apuntaba hacia el mar. La llevó consigo durante años. Nunca supo dónde estaba el norte, pero siempre reconoció el momento de volver a casa.",42
mar-11-03,mar-11,mar,train,"Daniel encontró una brújula sin aguja en la estación. A las seis, la acercó al pecho y sintió que apuntaba hacia el mar. La llevó consigo durante años. Nunca supo dónde estaba el norte, pero siempre reconoció el momento de volver a casa.",43
mar-11-04,mar-11,mar,train,"Sara encontró una brújula sin aguja en la plaza. A las diez, la acercó al pecho y sintió que apuntaba hacia el mar. La llevó consigo durante años. Nunca supo dónde estaba el norte, pero siempre reconoció el momento de volver a casa.",43
mar-11-05,mar-11,mar,train,"Tomás encontró una brújula sin aguja en la plaza. A medianoche, la acercó al pecho y sintió que apuntaba hacia el mar. La llevó consigo durante años. Nunca supo dónde estaba el norte, pero siempre reconoció el momento de volver a casa.",42
mar-11-06,mar-11,mar,train,"Elena encontró una brújula sin aguja en la plaza. A mediodía, la acercó al pecho y sintió que apuntaba hacia el mar. La llevó consigo durante años. Nunca supo dónde estaba el norte, pero siempre reconoció el momento de volver a casa.",42
mar-11-07,mar-11,mar,train,"Simón encontró una brújula sin aguja en la plaza. A las seis, la acercó al pecho y sintió que apuntaba hacia el mar. La llevó consigo durante años. Nunca supo dónde estaba el norte, pero siempre reconoció el momento de volver a casa.",43
mar-11-08,mar-11,mar,train,"Ana encontró una brújula sin aguja en el parque. A las diez, la acercó al pecho y sintió que apuntaba hacia el mar. La llevó consigo durante años. Nunca supo dónde estaba el norte, pero siempre reconoció el momento de volver a casa.",43
mar-11-09,mar-11,mar,train,"Luis encontró una brújula sin aguja en el parque. A medianoche, la acercó al pecho y sintió que apuntaba hacia el mar. La llevó consigo durante años. Nunca supo dónde estaba el norte, pero siempre reconoció el momento de volver a casa.",42
mar-11-10,mar-11,mar,train,"Luz encontró una brújula sin aguja en el parque. A mediodía, la acercó al pecho y sintió que apuntaba hacia el mar. La llevó consigo durante años. Nunca supo dónde estaba el norte, pero siempre reconoció el momento de volver a casa.",42
mar-11-11,mar-11,mar,train,"Daniel encontró una brújula sin aguja en el parque. A las seis, la acercó al pecho y sintió que apuntaba hacia el mar. La llevó consigo durante años. Nunca supo dónde estaba el norte, pero siempre reconoció el momento de volver a casa.",43
mar-11-12,mar-11,mar,train,"Sara encontró una brújula sin aguja en el pueblo. A las diez, la acercó al pecho y sintió que apuntaba hacia el mar. La llevó consigo durante años. Nunca supo dónde estaba el norte, pero siempre reconoció el momento de volver a casa.",43
mar-11-13,mar-11,mar,train,"Tomás encontró una brújula sin aguja en el pueblo. A medianoche, la acercó al pecho y sintió que apuntaba hacia el mar. La llevó consigo durante años. Nunca supo dónde estaba el norte, pero siempre reconoció el momento de volver a casa.",42
mar-11-14,mar-11,mar,train,"Elena encontró una brújula sin aguja en el pueblo. A mediodía, la acercó al pecho y sintió que apuntaba hacia el mar. La llevó consigo durante años. Nunca supo dónde estaba el norte, pero siempre reconoció el momento de volver a casa.",42
mar-11-15,mar-11,mar,train,"Simón encontró una brújula sin aguja en el pueblo. A las seis, la acercó al pecho y sintió que apuntaba hacia el mar. La llevó consigo durante años. Nunca supo dónde estaba el norte, pero siempre reconoció el momento de volver a casa.",43
